damaged,id
1,11254
1,27716
1,29066
1,3373
1,1996
1,18061
1,22237
1,25346
0,21554
1,4273
1,28000
0,10137
1,11619
0,20372
1,29876
1,1678
1,29503
1,13479
1,22043
1,10841
1,14442
1,21870
1,13895
1,11434
0,12483
1,25843
1,6906
1,23577
0,16246
1,27705
1,16345
1,18997
1,23284
1,11687
1,4538
1,20146
1,4966
1,25661
1,28408
1,15074
1,4441
1,15220
1,19333
1,25959
0,1903
0,26367
1,4679
1,5870
1,20320
1,1765
1,14603
1,10855
1,20946
1,14055
1,28401
1,4748
1,27808
1,5500
1,13748
1,2665
1,16895
1,10454
1,2286
1,5276
1,26394
1,17657
1,13998
1,19035
1,8030
1,9153
1,1460
1,7470
1,11646
1,20548
1,29927
0,10446
1,28336
0,12519
1,12683
1,22128
1,15736
1,4135
1,18272
1,633
1,21284
1,27676
1,16538
1,22917
1,29734
1,29401
0,26671
1,12136
1,13019
1,19519
0,22874
1,17518
1,21246
1,27522
1,12973
1,27156
1,16216
1,18287
1,2204
1,9577
1,13678
1,16611
0,27
1,23248
1,18034
1,16224
0,15621
1,27763
1,28448
1,10857
1,10674
1,15286
1,7107
1,25950
1,13134
1,16507
1,10229
1,14244
1,11166
1,22635
1,11241
1,20956
1,20830
1,839
1,21927
1,15480
1,21201
1,12188
1,1904
1,3569
1,5122
1,17116
1,7601
1,14395
1,8853
1,16737
0,3972
1,24433
1,25404
1,15343
1,21572
1,1764
1,3402
1,3335
1,3411
1,27403
1,18048
1,19602
0,24205
1,6191
1,23530
1,1829
1,12959
1,22514
1,21302
1,9901
1,26967
1,9945
1,21051
1,6692
1,7124
1,11671
1,25345
1,12676
1,2041
1,29951
1,26484
1,10108
1,19879
1,16011
1,12416
1,26801
1,29235
1,10959
1,21304
1,22631
1,26870
1,9215
1,29497
1,17735
1,21748
1,7207
1,14461
1,9499
1,27718
1,16818
1,29888
1,15059
1,8316
1,15906
1,17155
1,12987
1,14181
1,12086
1,6189
1,5972
1,14628
1,10559
1,7112
1,663
1,3390
1,16664
1,14844
1,1055
1,6836
1,5026
1,14998
1,28464
1,15665
1,22952
1,6117
1,5778
1,28454
1,1166
1,10335
1,18592
1,28059
1,6121
1,17798
1,18342
1,210
1,7090
1,17240
1,23557
1,16705
1,2535
1,26855
1,15994
1,19149
1,5550
1,5789
1,24559
1,19287
1,11612
1,24274
1,13945
1,1696
1,20464
1,3549
1,4237
1,7552
1,18228
1,21755
1,29212
1,22873
1,5903
1,27262
1,9629
1,25512
1,26063
0,3119
1,24662
1,489
1,29785
1,542
1,25869
1,10181
1,5171
1,22167
1,11272
1,3895
1,16583
1,2824
1,22590
1,19390
1,16761
1,13578
1,27682
1,17464
1,21650
1,19911
1,2859
0,29397
1,28107
1,18639
1,1513
1,26541
1,24050
1,14672
1,9759
1,21470
1,19855
1,18868
1,11262
1,9909
1,25412
1,19053
1,17005
1,18206
1,14470
1,20718
1,6398
1,15354
1,15748
1,12571
1,29100
1,25635
1,9043
1,15738
1,7339
1,24372
1,28492
1,28011
1,732
1,19429
1,11149
1,11296
1,5073
1,1422
1,27730
1,18772
1,9467
1,8319
1,20490
1,19816
1,18100
1,4502
1,22161
1,9405
1,29219
1,277
1,19032
1,23904
1,5050
1,27125
1,4100
1,23084
1,27998
1,3674
1,1428
1,344
1,16543
1,10791
1,2637
1,331
1,2675
1,5399
1,21956
1,22407
1,11210
1,29860
1,1122
1,6582
1,8467
1,6686
1,8937
0,1153
1,10221
1,399
1,7825
1,19533
1,7130
1,13821
1,5858
1,11332
1,5044
1,5174
1,4909
1,16826
1,24102
1,11563
1,18241
1,27426
1,12355
1,22250
1,29943
1,11652
1,20167
1,23041
1,2394
1,26624
1,8028
1,7762
1,19721
1,2003
1,11159
1,10020
1,14087
1,20767
1,28988
1,28518
1,22342
1,26214
1,6502
1,19212
1,9142
1,20552
1,286
1,8125
1,6541
1,25501
1,2561
1,17196
1,5622
1,940
1,29705
1,3413
1,18150
1,26076
1,9671
1,23899
1,22657
0,989
1,18621
1,18981
1,27095
1,16799
1,22085
1,8469
1,28157
1,20745
1,17474
1,5247
1,20690
1,27896
1,26817
1,4096
1,27243
1,29865
1,11906
1,7949
1,3065
1,4337
1,17384
1,10580
1,7987
1,21704
1,10126
1,117
1,2458
1,22020
1,17202
1,15403
1,4745
1,17211
1,22602
1,13064
1,6098
1,20474
1,28566
1,10671
1,2602
1,7916
1,27892
1,6523
1,20454
1,7846
1,14311
1,27191
1,609
1,9879
1,24178
1,27505
1,18092
1,6569
1,11933
1,1481
1,23593
1,28163
1,28362
1,21356
1,18482
0,12196
1,23288
1,18138
1,19233
1,29995
1,3262
1,16197
1,12997
1,12099
1,16524
1,2794
1,7536
1,7353
1,13529
1,9204
1,24766
1,4325
1,12472
1,26158
1,27510
1,691
1,10509
1,15114
1,22268
1,5808
1,22440
1,10165
1,18481
1,8145
1,8359
1,4661
1,2095
1,16307
1,14084
1,8421
1,11590
1,1728
1,11725
1,25026
1,23456
1,8866
1,19829
1,22184
1,11122
1,27346
1,251
1,29456
1,20997
1,6892
1,11184
1,11510
1,18918
1,1249
1,12033
1,10620
1,27726
1,18416
1,14088
1,21820
1,7475
1,27839
1,23377
1,923
1,16104
1,10792
1,28626
1,3505
1,17216
1,24488
1,8418
1,26348
1,12991
1,23860
1,670
1,4711
1,11774
1,9068
0,3078
1,154
1,12238
1,10115
1,25176
1,7454
1,9772
1,10457
1,23037
1,14730
1,24606
1,26933
1,5047
1,21242
1,8536
1,12766
1,15977
1,28091
1,24194
1,16671
1,1701
1,8475
1,12725
1,2047
1,5685
1,6434
1,8561
1,10422
1,1366
1,6638
1,21961
1,23780
1,3104
1,12585
1,14590
1,19228
1,18992
1,18572
1,25492
1,18004
1,19367
1,18257
1,14761
1,15548
1,23716
1,17411
1,24377
1,18635
1,16588
1,5060
1,18296
1,24113
1,1237
1,16095
1,24385
1,12298
1,19219
1,24430
1,332
1,7798
1,12975
1,11864
1,11820
1,19413
1,6611
1,26300
1,22416
1,734
1,20665
1,13864
1,1435
1,12645
1,773
1,6664
1,3881
1,24986
1,27921
1,27819
1,12971
1,15618
1,17655
1,27111
1,27068
1,26072
0,25957
1,15814
1,2785
1,5070
1,19504
1,11293
1,18452
1,18632
1,28888
1,13423
1,19041
1,19629
0,6378
1,9679
1,2770
1,6724
1,3098
1,23473
1,6405
1,4178
1,26024
1,29249
1,13220
1,27430
1,10208
1,1945
1,7930
1,18306
1,24460
1,25939
1,18135
1,27753
1,26733
1,5053
1,8062
1,8601
1,7676
1,12177
1,6473
1,14888
1,29179
1,6172
1,8588
1,11913
1,25801
1,1403
1,21908
1,17283
1,8604
1,29725
1,21294
1,19216
1,7603
1,27323
1,21779
1,15514
1,21142
1,16685
0,24615
1,9263
1,25632
1,19252
1,27227
1,5270
1,6927
1,16678
1,24193
1,25897
1,9918
1,18161
1,23054
1,6882
1,27983
1,18849
1,5871
1,15141
1,1222
1,28632
1,24797
1,27670
1,4260
1,26641
1,2539
1,3128
1,28035
1,20993
1,27321
1,24309
1,3886
1,13643
1,6934
1,28781
1,6153
1,16683
0,4170
1,17725
1,714
1,21963
1,13395
1,5376
1,9997
1,21655
1,22196
1,16171
1,1600
1,3848
1,1850
1,19909
1,21623
1,10581
0,3851
1,18354
1,16057
1,15214
1,4635
1,27397
1,4026
1,12088
1,11054
1,7387
1,10623
1,26929
1,10101
1,17033
1,19023
1,24940
1,25048
1,23770
1,28978
1,23280
1,22315
1,28537
1,19096
1,29967
1,25049
0,5649
0,2851
1,18810
1,580
1,23815
1,22861
1,11032
1,26601
1,4595
1,26238
1,10379
1,9725
1,5144
1,27048
1,9758
1,2185
1,9058
1,6674
1,12531
1,6901
1,8816
1,20343
1,13921
1,27370
1,3328
1,11656
1,10823
1,8072
1,5728
1,14306
1,16863
1,9935
1,1311
1,21073
1,27886
1,19801
1,29553
1,19177
1,12854
1,5077
1,18622
1,11811
1,19594
1,10060
1,16563
1,20757
1,3504
1,2880
1,18210
1,8544
1,16193
1,28721
1,24739
1,5997
1,16755
1,11672
1,20706
1,25887
1,24740
0,28788
1,333
1,5148
1,3409
1,2485
1,12275
1,28676
1,9090
1,17104
1,25741
1,13876
0,7069
1,7420
1,2431
1,19305
1,2936
1,8726
1,25552
1,856
1,16303
1,8486
1,26439
1,25998
1,24658
1,24142
1,25382
1,17557
1,12157
1,17666
1,19248
1,7783
1,17203
1,23956
0,21939
1,21652
1,23985
1,29114
1,1279
1,18840
1,5560
1,985
1,29025
1,23066
1,22465
1,22049
1,4443
1,15419
1,12371
1,25079
1,22628
1,24901
1,3520
1,9883
1,17994
1,9462
1,13983
1,21157
1,7561
1,1605
0,24600
1,29911
1,20213
0,19713
1,19619
1,23576
1,9728
1,9760
1,428
1,10672
1,1056
1,25040
1,8245
1,26023
1,20731
1,25973
1,10041
1,25413
1,12410
1,12879
1,6247
1,28189
1,158
1,5433
1,4930
1,27567
1,23848
1,4675
1,18329
1,29897
1,9391
1,6075
1,11889
1,27678
1,3329
1,5630
1,9666
1,5454
1,1684
1,4937
1,976
1,21776
1,29126
1,26424
1,19980
1,23160
1,26318
1,27498
1,4906
1,26434
1,22742
1,7555
1,10084
1,14850
1,8483
1,9341
1,8579
1,26724
1,13495
1,28347
1,20165
1,25608
1,8817
1,5381
1,3041
1,13111
1,10293
1,6246
1,28849
1,10835
1,3361
1,28989
1,9706
1,23150
1,11189
1,19529
1,18712
1,8417
1,18630
1,9839
1,2432
1,11148
1,1545
1,28317
1,29875
1,6017
1,7952
1,28339
1,28399
1,8208
1,19493
1,15430
1,14038
1,1364
1,13452
1,4257
1,9030
1,26569
1,29500
1,20858
1,13124
1,2830
1,19338
1,11314
1,22333
1,4798
1,28270
1,7544
1,29901
1,4573
1,24364
1,20628
1,12851
1,6442
1,28777
1,29274
1,4960
1,3871
1,26962
1,17996
1,25387
1,15297
1,18444
1,2999
1,13467
1,11926
1,25361
1,19278
1,9226
1,9790
1,21366
1,448
1,1227
1,23535
1,14340
1,17225
1,26470
1,14597
1,22270
1,17086
1,8345
1,29337
1,12458
1,9328
1,28944
1,5057
1,18288
1,27152
1,11604
1,23793
1,12432
1,16432
1,26176
1,21996
1,19699
1,17220
1,15740
1,3770
1,16277
1,7520
1,23379
1,752
1,17694
1,26878
1,29146
1,16999
1,23393
1,18973
1,3575
1,14556
1,2130
1,22432
1,29184
1,17570
1,2510
1,23930
1,1158
1,12776
1,15326
1,4156
1,4352
1,5141
1,25379
1,5996
1,3131
1,21032
1,12752
1,23279
1,13917
1,28953
1,21530
1,12348
1,2029
1,18273
1,17815
1,6052
1,16298
1,9447
1,182
1,1358
1,29828
1,26168
1,11696
1,13303
1,18480
1,15696
1,2692
1,10767
1,1002
1,29047
1,10131
1,447
1,15294
1,23115
0,16617
1,8294
1,22984
1,14771
1,19662
1,9863
1,25161
1,8946
1,18862
1,14371
1,24291
1,2111
1,15892
1,16469
1,14303
1,29688
1,3047
0,18682
1,14877
1,5875
1,28086
1,19769
1,19550
1,4678
1,21230
1,24486
1,9294
1,18603
1,7585
1,2920
1,2624
1,25438
1,12247
1,8381
1,9781
1,18349
1,26704
1,2984
1,2630
1,9164
1,27340
1,23227
0,21771
1,9749
1,3591
1,3542
1,18432
1,1151
1,23627
1,13627
1,2834
1,22369
1,1772
1,20378
1,3923
1,7631
1,2850
1,28694
1,11343
1,28282
1,18498
1,9339
1,20923
1,11453
1,9478
1,3649
1,7545
1,19687
1,8586
1,28633
1,14504
1,12922
1,24689
1,21588
1,26391
1,14952
1,7056
1,11461
1,24536
1,568
0,13048
1,24609
1,22320
1,22664
1,20171
1,10807
1,21135
1,27697
1,22146
1,4924
1,28346
1,23341
1,5242
0,5010
1,25713
1,16006
1,6365
1,10953
1,14577
1,17174
1,4121
1,27621
1,15338
0,28245
1,4253
1,28451
1,18411
1,12060
1,23027
1,25772
1,29027
1,27001
1,12910
1,23797
1,4144
1,23654
1,6124
1,5804
1,26940
1,16663
1,11778
1,16815
1,11791
1,9674
1,7853
1,16521
1,23337
1,6508
1,2062
1,17441
1,15098
1,9734
1,22792
1,6194
1,4770
1,16143
1,21835
1,16604
1,2118
1,14372
1,3435
1,27146
1,7032
1,6456
1,19253
1,20873
0,21997
1,18781
1,17717
1,7775
1,5713
1,16827
1,3907
1,108
1,264
1,6500
1,16195
1,7191
1,6444
1,7503
1,20452
1,7857
1,10734
1,1300
0,8000
0,28239
1,13735
1,4964
1,25151
1,28389
1,10922
1,14000
1,26041
1,135
1,19391
1,8670
1,22054
1,17253
1,1429
1,14012
1,24504
1,9276
1,1142
1,4103
1,17451
1,22773
1,11325
1,7604
1,20274
1,4527
1,14825
1,26175
1,16496
1,2482
1,994
0,11868
1,3541
0,21892
1,10364
1,2077
1,23990
1,21167
1,26608
0,2441
1,2017
1,27283
0,3969
1,20809
1,29858
1,11505
1,22848
1,1505
1,12236
1,17327
0,5800
1,9727
1,13778
1,20166
1,3850
1,23725
1,6662
1,20198
1,11413
1,23172
1,25639
1,4023
1,18560
1,15800
1,22919
1,21658
1,13595
1,6534
1,7519
1,15271
1,21192
1,28426
1,17484
1,21936
1,5202
1,18106
1,3985
1,22574
1,22088
1,26583
1,1867
1,19368
1,20875
1,3573
1,8557
1,14971
1,28904
1,21096
1,4372
1,8117
1,6009
1,3561
1,27459
1,11620
1,21824
1,4877
1,25954
1,19000
1,22561
1,17758
1,9106
1,2470
1,17482
1,18463
1,23661
1,3836
1,25020
1,17369
1,29208
1,8424
1,3606
1,18964
1,6314
1,6462
1,6592
1,6352
1,3271
1,2544
1,15463
1,13469
1,265
1,11796
1,12071
1,8148
1,18833
1,16727
1,12312
1,501
1,10356
1,14813
1,12126
1,24135
1,24058
1,12186
1,3491
1,26104
1,26320
1,12366
1,26759
1,17680
1,25653
1,4781
1,2571
1,28587
1,24174
1,5126
1,19718
1,10505
1,29679
1,3681
1,12524
1,19418
1,27376
1,9904
1,20541
1,9175
1,2001
1,12721
1,9053
1,19314
1,4590
1,16395
1,7842
1,12351
1,13222
1,1338
1,42
1,19738
1,13477
1,7125
1,17844
1,22067
1,21273
1,26067
1,26993
1,1331
1,10514
1,11308
1,20909
1,1968
1,12853
1,21319
1,10927
1,546
1,23596
1,28778
1,22495
1,16984
1,3028
1,26074
1,27622
1,7721
1,228
0,17769
0,11826
1,24849
1,3437
0,27701
1,19622
1,6394
1,26776
1,9957
1,15636
1,21471
1,11469
1,9229
1,1362
1,27143
1,17342
1,18670
1,17773
1,577
1,26333
1,9407
1,2310
1,2476
1,22
1,26280
1,15759
1,19193
1,14065
1,6151
1,28947
1,6527
1,20353
1,1529
1,18815
1,185
1,2214
1,21301
1,2688
1,22199
1,18441
1,26546
1,340
1,29764
1,13517
0,14720
1,6652
1,5806
1,18857
1,14969
1,26789
1,11670
1,9622
1,4663
1,444
1,24905
0,23344
1,7801
1,1117
1,29737
1,17082
1,14538
1,18084
1,10718
1,14446
1,10127
1,1676
1,29458
1,22949
1,24922
1,13556
1,12213
1,21373
1,18539
1,20530
1,4149
1,6367
1,14350
1,6987
1,4439
1,13355
1,10341
1,22309
1,14110
1,5819
1,22339
1,7614
1,23779
1,28421
1,21026
1,5938
1,26845
1,15987
1,24083
1,25972
1,26190
1,1917
1,12774
1,23047
1,28720
1,29643
1,16111
1,12924
1,7295
1,10431
1,8050
1,29634
1,9057
1,638
1,12989
1,29792
1,24693
1,8735
1,15519
1,14317
1,697
1,23046
1,21394
1,10062
1,15116
1,7152
1,26425
1,2879
1,16713
1,24043
1,1112
1,1021
1,16346
1,1905
1,24242
1,8403
1,2094
1,953
1,13933
1,19256
1,6601
1,1388
1,5142
1,16566
1,15424
1,21479
1,9785
1,5108
1,18414
1,17907
1,6182
1,3745
1,19844
1,26139
1,24276
1,7441
1,5664
1,19944
1,14098
1,4432
1,17590
1,22448
1,11096
1,15909
1,25873
1,19589
1,9061
1,17638
1,22011
1,5475
1,9033
1,10106
1,8012
1,1407
1,1438
1,14320
1,4076
1,15763
1,25039
1,13345
1,18730
1,8084
1,12621
1,19966
1,12297
1,23957
1,10301
1,22166
1,3682
1,5005
1,11113
1,22573
1,2997
1,25213
1,3786
1,17609
1,831
1,21475
1,20906
1,14008
1,8732
1,2983
1,22937
1,20141
1,2007
1,22715
1,19415
1,9012
1,25457
1,4209
1,14560
1,3097
1,8154
1,24066
1,531
1,11440
1,10123
1,17682
1,20466
1,26278
1,14931
1,14374
1,1593
1,5360
1,10709
1,8288
1,7966
1,17029
1,24584
1,29308
1,26207
1,18127
1,28617
1,19620
1,8422
1,21548
1,22637
1,19710
1,10866
1,672
1,23723
1,2505
1,28667
1,12626
1,17775
1,9041
0,12584
1,6046
1,17371
1,5134
1,13073
1,28455
1,5526
1,5089
1,8855
1,6707
1,18018
1,20629
1,1258
1,22014
1,5177
1,29490
1,27341
1,25286
1,28061
1,512
1,18323
1,27362
1,17390
1,12152
1,20693
1,3792
1,14716
1,12150
1,13888
1,23854
1,27661
1,3602
1,20143
1,19494
1,26987
1,19357
1,1666
0,10810
1,5795
1,16439
1,11205
1,13077
1,7737
1,5653
1,19136
1,17447
1,18506
1,715
1,7713
1,10135
1,18812
1,8595
1,20074
1,27361
1,6873
1,11239
1,17156
1,22933
1,25709
1,18834
1,18184
1,14606
1,11971
1,8760
1,23462
1,25216
1,25619
1,22844
1,20194
1,28826
1,1992
1,24751
1,3934
1,26679
1,2396
1,7259
1,2037
1,21219
1,19384
1,7072
1,23350
1,12234
1,1813
1,16131
1,3768
1,13924
1,3117
1,27558
1,743
1,14277
1,5081
1,17299
1,1774
1,14527
1,28358
1,11520
1,15895
1,9195
1,23934
1,28241
1,23787
1,2604
1,9234
1,24456
1,4717
1,6294
1,884
1,19153
1,24438
1,5683
1,5721
1,20571
1,1471
1,16211
1,25197
1,23783
1,2902
1,13832
1,13188
1,6067
1,19073
1,29181
1,2167
1,11751
1,19007
1,19208
1,395
1,4489
1,2848
1,3697
1,29267
1,25471
1,12635
1,12259
1,10420
1,220
1,28726
1,23652
1,29292
1,7027
1,21456
1,19416
1,8447
1,18415
1,19989
1,27168
1,9987
0,11236
1,18090
1,10138
1,12019
0,20348
1,29896
1,13356
1,10644
1,27851
1,22332
1,27331
1,1019
1,6208
1,12211
1,24789
1,1391
1,17857
1,6262
1,4265
1,16021
1,12388
0,18524
1,19332
1,10994
0,23813
1,16706
1,12664
1,8859
1,1892
1,15425
1,22024
1,22778
1,16105
0,1023
1,6729
1,29483
1,17505
1,10304
1,27516
1,13149
1,5313
1,6639
1,28204
1,19268
1,24620
1,13022
1,8402
1,17546
1,5244
1,27263
0,25689
1,27575
1,27413
1,3074
1,12208
1,29372
1,10177
1,24875
1,17312
1,21589
1,17310
1,25083
1,24053
1,2900
1,27353
1,28766
1,8036
1,1090
1,5588
1,21926
1,27840
1,11892
1,13067
1,24386
1,16783
1,19439
1,18606
1,16049
1,25610
1,23499
1,19285
1,4880
1,27427
1,29354
1,27826
1,20604
1,6319
1,17018
1,18267
1,26349
1,17051
1,26893
1,21113
1,17466
1,28308
1,13813
1,25895
1,11675
1,22827
1,12146
1,16970
1,25616
1,21842
1,17579
1,27990
1,9399
1,16542
1,14653
1,28044
1,13661
1,8654
1,11803
1,14477
1,8587
1,2633
1,22557
1,4222
1,5631
1,8160
1,7256
1,5450
0,25656
1,28206
1,7827
1,4775
1,7521
1,5501
1,23493
1,5163
1,24182
1,15904
1,28866
1,13569
1,13647
1,9500
1,21629
0,2669
1,5746
1,19907
1,20512
1,13083
1,20776
1,26311
1,7020
1,6234
1,9167
1,9207
1,7171
1,347
1,8459
1,3489
1,10215
1,18248
1,24109
1,23230
1,24626
1,13304
1,10723
1,10116
1,13901
1,13478
1,16446
1,18477
1,17920
1,15411
1,21502
1,29545
1,4098
1,14558
1,16410
0,24087
1,28395
1,20338
1,12576
1,20286
1,12420
1,29217
1,4497
1,14022
1,20001
1,9750
1,19554
1,4398
1,29213
1,6524
1,15508
1,1133
1,17152
1,29681
1,15943
1,29919
1,14522
1,24880
1,29153
1,18910
1,10248
1,23914
1,8514
1,12112
1,1931
1,22452
1,18999
1,15653
1,14222
1,20365
1,10141
1,16308
1,13057
1,15793
1,1386
1,14787
1,8997
1,6850
0,28775
1,8940
1,26109
1,27941
1,29004
1,25720
1,485
1,26196
1,25747
1,27387
1,6889
1,11503
1,2713
1,7712
1,20549
0,16215
1,1001
1,26170
1,5032
1,23036
1,7201
1,19977
1,18163
1,772
1,6506
1,2625
1,1864
1,17867
1,8109
1,24561
1,13154
1,18360
1,11988
1,10861
1,27972
1,25222
1,27907
1,15479
1,22591
0,14141
1,1048
1,14822
1,23490
1,12456
1,5957
1,26677
1,17604
1,26477
1,10231
1,26147
1,24165
1,18657
1,17149
1,20516
1,327
1,8883
1,8508
1,23528
1,15550
1,12689
1,6053
1,29480
1,9825
1,17850
1,15741
1,3300
1,31
1,5538
1,19473
1,11416
1,24682
1,28625
1,16196
1,2748
0,26428
1,19586
1,528
1,23434
1,11635
0,15768
1,22595
1,6427
1,24134
1,16166
1,24508
1,22326
1,11593
1,19168
1,21664
1,10844
1,18895
1,11638
1,22840
1,19075
1,23425
0,29568
1,17566
1,1125
1,20374
0,19251
1,12637
1,17969
1,24111
1,27138
1,1161
1,23984
1,26312
1,8
1,13252
1,12980
1,21380
1,9484
1,7855
1,25664
1,20726
1,24630
1,6261
1,19389
1,22459
1,26823
1,11669
1,22372
1,6455
1,19472
1,10093
1,11282
1,8387
1,10266
1,9723
1,17975
1,12998
1,16273
1,7078
1,2746
1,24741
1,3113
1,2700
1,534
1,12578
1,175
1,20888
1,2475
1,1212
1,5440
1,28225
1,16423
1,18164
1,1964
1,27538
1,27835
1,1673
1,29716
1,2586
1,22456
1,19167
1,18573
1,25819
1,24967
1,17358
1,18467
1,7298
1,10931
1,18938
1,12535
1,16736
1,24112
1,24257
1,6787
1,10541
1,24348
1,17703
0,18012
1,6156
1,22113
0,8667
1,11993
1,20912
1,23464
1,22323
1,12803
1,4259
1,3619
1,18950
1,14447
1,2020
1,13890
1,20501
1,570
1,2647
1,25316
1,18111
1,24890
1,18666
1,29532
1,21534
1,23069
0,3720
1,7512
0,18136
1,10441
1,368
1,8211
1,25241
1,21240
0,16905
1,9495
1,16264
1,13291
1,973
1,9753
1,28279
1,25738
1,25468
1,10218
1,2534
1,20592
1,22175
1,29360
1,29284
1,9878
1,16900
1,14975
1,5671
1,28992
1,18124
1,3040
1,20517
1,29962
0,14586
1,5549
1,18011
1,7094
1,3642
1,19107
1,11601
1,597
1,3614
1,24816
1,24326
1,5290
1,16202
1,14676
1,19704
1,18431
1,16760
1,24628
1,9049
1,29750
1,19582
1,12666
1,4604
1,16381
1,19203
1,28589
1,22027
0,15527
0,28932
1,2726
1,27344
1,4701
1,14673
1,16577
1,464
1,25870
1,7838
1,5684
1,11
1,17221
1,3434
1,8462
1,1870
1,14178
1,14596
1,9963
1,18928
1,9590
1,19382
1,1079
1,28425
1,22706
1,3867
1,5907
1,1865
0,17672
1,2188
1,28771
1,17162
1,5751
1,19553
1,21334
1,10871
1,2443
1,12713
1,20988
1,10667
1,1087
1,17681
1,24253
1,27117
1,3665
1,9455
1,26330
1,25014
1,23108
1,21003
1,12406
1,6027
1,16385
1,29280
1,3339
1,13885
1,13516
1,5488
0,10577
1,5834
1,28194
1,3029
1,18729
1,15052
1,2550
1,24617
0,25927
1,12694
1,16771
1,25312
1,7210
1,13523
1,19581
1,13892
1,7342
1,1468
1,18942
1,25999
1,12357
1,26421
1,5121
1,21928
1,22810
1,615
1,4587
1,413
1,1453
1,21094
1,10985
1,13268
1,26555
1,17244
1,1580
1,27659
1,4736
1,26117
1,5066
1,924
1,7354
1,13686
1,26473
1,3086
1,23486
1,10915
1,25521
1,20406
1,554
0,24221
1,29415
1,15734
1,20287
1,21229
1,3639
1,19321
1,3133
1,19510
1,14944
1,7670
1,16994
1,15230
1,7869
1,7617
1,29652
1,27995
1,22240
1,9531
1,13062
1,19904
1,120
1,15462
1,22579
0,9136
1,7401
1,4610
1,25293
1,28801
1,13794
1,724
1,7892
1,4401
1,15080
1,7035
1,6694
1,3032
1,16866
1,12846
1,999
1,13410
1,22445
1,23862
1,12083
1,18512
1,21885
1,9954
1,3603
1,7766
1,21621
1,28287
1,9438
1,25744
1,26503
1,26389
0,9943
1,6698
1,26614
1,22586
1,27431
1,23165
1,761
1,13195
1,16232
1,467
1,5377
1,22489
1,25844
1,10419
1,20007
1,7203
1,26522
1,2965
0,4204
1,24969
1,12507
1,453
1,11702
1,12000
1,19281
1,20445
1,20633
1,17537
1,7007
1,11030
1,29601
1,16327
1,6447
1,18689
0,4258
1,891
1,23657
1,4348
1,8378
1,19170
1,12447
1,8281
1,8452
1,16694
1,28329
1,22039
1,12705
1,28810
1,25331
1,9578
1,11995
1,28569
1,7898
1,23983
1,21104
1,7012
1,5427
1,27009
1,26045
1,710
1,18605
1,8949
1,13308
1,162
1,27479
1,21577
1,20634
1,13373
1,28687
1,4080
1,15843
1,29310
1,8693
1,2368
1,29632
1,28951
1,3796
1,2777
1,19295
1,2594
1,28824
1,3887
1,21712
0,12684
1,16981
1,9291
1,29088
1,5980
1,12831
1,26924
1,11393
1,23973
1,25124
1,10102
1,21818
1,20040
1,21604
1,25842
1,26827
1,24381
1,3430
1,18029
1,19158
1,24721
1,7443
1,17394
1,7785
1,17603
1,24358
1,5675
1,12391
1,28603
1,3888
1,13990
1,20668
1,4567
1,18800
1,29539
1,27375
1,22482
1,16014
1,9645
1,6218
1,13975
1,28887
1,25649
1,22793
1,26540
1,6135
1,7161
1,22783
1,18596
1,13264
1,28883
1,8271
1,22162
1,11874
1,6635
1,13845
1,16488
1,22883
1,17304
1,15607
1,25226
1,14820
1,3641
1,805
1,27100
1,12003
0,24532
1,27240
1,25470
1,10437
1,18195
1,17111
1,20721
1,25269
1,1278
1,14101
1,13430
1,22380
1,9258
1,25636
1,15129
1,1043
1,20298
1,13136
1,14647
1,23711
1,8882
1,12421
1,2008
1,29169
1,29797
1,29494
1,11384
1,3255
1,7865
1,8975
1,12966
1,11633
1,27663
1,12212
1,24763
1,22756
1,2988
1,5886
1,6482
1,21484
1,8757
1,9259
1,12802
1,29648
1,21166
0,27949
1,26338
1,7216
1,27213
1,342
1,3636
1,25104
1,6858
1,27821
1,16209
1,10833
1,18261
1,20792
1,15437
1,16089
1,5223
1,8585
0,23717
1,13456
1,13701
1,29638
1,19901
1,24506
1,14466
1,20630
1,29804
1,28956
1,6089
1,5309
1,23662
1,9023
1,23151
1,20131
1,22534
1,19020
1,2237
1,12572
1,21117
1,14287
1,363
1,1627
1,2251
1,9773
1,6214
1,12281
1,24300
1,5682
1,27330
1,7019
1,1218
1,22431
1,16050
1,24649
1,26530
1,26943
1,8492
1,19526
1,12755
1,24524
0,8599
1,29090
1,2922
1,17513
1,1686
1,21607
1,4726
1,7105
1,19029
1,5234
1,12411
1,8097
1,24354
1,21720
1,22178
1,17782
1,17813
1,28502
1,8267
1,29790
1,3363
1,6779
1,6904
1,2967
1,23305
1,17843
1,18990
1,18289
0,24879
1,25756
1,6108
1,15901
1,21034
1,29064
1,27769
1,19447
1,3382
1,5540
1,26615
1,2786
1,20481
1,21811
0,29733
1,22846
1,27005
1,7967
0,27712
1,24108
1,13836
1,7779
1,12943
0,20815
1,20632
1,26672
0,22202
1,29684
1,7820
1,3292
1,5532
1,12577
1,5312
1,16267
1,22956
1,17643
1,26693
1,14523
1,14894
1,9189
1,963
1,21446
1,26247
1,21102
1,20966
1,25373
0,1730
1,1467
1,1040
1,23496
1,20082
1,274
1,6711
1,2832
0,8193
1,15811
1,28116
1,7637
1,16331
1,7237
1,22716
1,9522
1,16701
1,3954
1,11488
1,3963
1,807
1,13946
1,21217
1,28660
1,29319
1,15964
1,23052
1,19665
1,11685
1,5281
1,16110
1,2508
1,13420
1,13238
1,16519
1,21784
0,24045
1,109
1,1703
1,13407
1,29340
1,27165
1,27489
1,7678
1,7082
1,29617
1,16632
1,4266
1,2932
1,4864
1,8415
0,25753
1,6370
1,1459
1,27895
1,909
1,22582
1,19866
1,19557
1,8841
1,10067
1,15675
1,29747
1,7515
1,17331
1,848
1,11748
1,28577
1,689
1,4281
1,2857
1,29506
1,7047
1,8005
1,6387
1,3510
1,10746
1,25565
1,15414
1,5836
1,6187
1,26219
1,12329
1,27853
1,7516
1,5216
1,23474
1,20879
1,27765
1,2489
1,16971
1,10929
1,26438
1,20446
1,14412
1,5300
1,22379
1,21866
1,2358
1,11896
1,2308
1,7954
1,8044
1,16412
1,3035
1,17826
1,13957
1,20322
1,10083
1,20228
1,7501
1,1975
1,22455
1,14997
1,12266
1,8612
1,21794
1,1076
0,17607
1,17142
1,25215
1,1145
1,10701
1,24319
1,15553
1,26666
1,5444
1,2464
1,541
1,14042
1,25193
1,26020
1,29591
1,17195
1,3590
1,23278
1,27739
1,28971
1,29294
1,12283
1,12633
1,16102
1,21959
1,2269
1,12796
1,9926
1,13187
1,12731
1,26416
1,15192
1,23643
1,1697
1,4779
1,26133
1,6884
1,11589
1,29666
1,21290
1,7620
1,24853
1,6747
1,18674
1,17670
1,28534
1,29728
1,27719
1,16723
1,3442
1,29956
1,28699
1,7266
1,15521
1,4581
1,24818
1,19057
1,1378
1,26986
1,22131
1,24645
1,27685
1,5268
1,6404
1,28816
1,28175
1,22089
1,610
1,21147
1,28644
1,16627
1,8510
1,14967
1,18420
1,27425
1,22849
1,23567
1,18147
1,14691
1,17810
1,22436
1,15821
1,3204
1,27395
1,6498
1,23289
1,23847
1,12782
1,1285
1,27860
1,19128
1,24680
1,7504
1,21407
1,23611
1,3784
1,5111
1,11504
1,5982
1,19163
1,26324
1,26060
1,11457
1,9611
1,24771
1,20758
1,22627
1,22430
1,297
1,7254
1,3087
1,12770
1,995
1,25655
1,11595
1,10945
1,21390
1,5759
1,18391
1,24181
1,21058
1,2006
1,26250
1,17998
1,12614
1,20042
1,7517
1,22344
1,24995
1,12365
1,12735
1,17792
1,28371
1,18491
1,29701
1,6111
1,29426
1,1835
1,29482
1,22710
1,20462
1,3354
1,11574
1,26607
1,8357
1,3959
1,16537
1,23189
1,8779
1,22058
1,15872
1,2901
1,13695
1,11182
1,2135
1,5097
1,7826
1,19090
1,29365
1,4916
1,12688
1,6714
1,13634
1,12880
1,5904
1,21897
1,4275
1,13363
1,6571
1,24065
1,4198
1,1066
1,25612
1,9042
1,15888
1,29318
1,23290
1,8099
1,21980
1,15205
1,14243
1,23916
1,20687
0,16965
1,15755
1,24925
1,24244
1,12446
1,23573
1,6870
1,25755
1,19896
1,2644
1,5925
1,1024
1,5201
1,29673
1,28959
1,25561
1,5900
1,10906
1,5160
1,13182
1,23049
1,23488
1,16265
1,25569
1,26114
1,28764
1,17448
1,22405
1,27634
1,1304
1,4342
1,25662
1,1009
1,8107
1,27932
1,12602
1,5761
1,11605
1,1032
1,2937
1,10555
1,22458
1,4737
1,28316
1,13080
1,12023
1,4064
1,28553
1,6227
1,8116
1,17952
1,29007
1,11749
1,5735
1,2959
1,27153
1,412
1,27619
1,25324
1,26873
1,1550
1,3367
1,28960
1,18229
1,3538
1,1115
1,28028
1,27080
1,249
1,26061
1,12549
1,7057
1,815
1,12814
1,8201
1,21765
1,23251
1,11854
1,14386
1,13985
1,29958
1,25577
1,28921
1,26961
1,25784
1,19
1,6810
1,26458
1,29011
1,15109
1,886
1,21313
1,12921
1,1510
1,27090
1,25631
1,17528
1,7598
1,27087
1,8657
1,15218
1,29131
1,18731
1,23381
1,22636
1,4175
1,29855
1,22687
1,8223
1,29082
1,27293
1,15623
1,10811
1,21415
1,10317
1,12732
1,9113
1,17472
1,23166
1,29460
1,4714
1,21746
1,8941
1,15851
1,16322
1,29631
1,26550
1,6020
1,25175
1,24405
1,21071
1,26831
0,2248
1,7267
1,16429
1,1181
1,25165
1,24155
1,1987
1,11949
1,13214
1,3874
0,9804
1,20333
1,10640
1,23266
1,20728
1,7165
1,28235
1,11852
1,23811
1,3497
1,15654
1,19621
1,24265
1,6119
1,8580
1,16833
1,24123
1,26064
1,25353
1,4753
1,21593
1,25391
1,9310
1,7174
1,16061
1,28248
1,9693
1,14072
1,20238
1,3480
1,3010
1,20188
1,17013
1,12733
1,2789
1,20093
1,17727
1,18580
1,3893
1,6637
1,24846
1,17117
1,3810
1,1561
1,25201
1,10840
1,16113
1,12199
1,7717
1,2563
1,22300
0,4049
1,11049
1,21055
1,24098
1,28
1,24169
1,16149
1,28089
1,28763
1,9786
1,14309
1,529
1,27582
1,27192
1,29056
1,8490
1,2574
1,6241
1,22750
1,14220
1,15644
1,5508
1,7559
1,16293
0,4889
1,21076
1,5894
1,13713
1,3646
1,1866
1,4554
1,8298
1,16405
1,18662
1,4456
1,11246
1,28641
1,23640
1,23146
1,21430
1,15472
1,5028
1,2102
1,16960
1,25833
1,29468
1,3912
1,18783
1,6542
1,16280
1,19967
1,16642
1,11742
1,4912
1,17069
1,9885
1,5476
1,1085
1,24720
1,22955
1,13400
1,29129
1,15980
1,11303
1,10570
1,25558
1,2147
1,5511
1,20581
1,14161
1,1582
1,16472
1,6912
1,22345
1,13615
1,27532
1,24916
1,14445
1,6936
1,24117
1,28360
1,22850
0,3670
1,10566
1,13753
1,1061
1,15346
1,15847
1,19094
1,23986
1,19178
1,19705
1,11441
1,22859
1,24296
1,27544
1,728
1,9210
1,26397
1,19311
1,25860
1,17754
1,20547
1,23072
1,14646
1,25850
1,5943
1,25452
1,12510
1,2844
1,14781
1,23137
1,10925
1,17675
1,26058
1,6723
0,5373
1,27911
1,27946
1,15576
1,22518
1,15201
1,10228
1,7220
0,16386
1,14667
1,10362
1,6918
1,23542
1,26788
1,1368
1,5345
1,16516
1,23163
1,11806
1,14437
1,18500
1,557
1,28414
0,4468
1,28394
1,16037
0,21121
1,29049
1,9457
1,7182
1,22537
1,17750
1,17613
1,22781
1,4535
1,5645
1,15240
1,4808
1,12674
1,24555
1,27698
1,29302
1,19466
1,19607
1,9046
0,17003
0,5015
1,16849
1,26742
1,4014
1,27847
1,14085
1,20748
1,27748
1,29438
1,25143
1,16920
1,4399
1,24041
1,19868
1,5993
1,744
1,3673
1,13681
1,25983
1,22284
1,15279
1,20277
1,13181
1,12552
1,2731
1,10300
1,25504
1,18170
1,10449
1,20328
1,4665
1,311
1,15725
1,22914
1,8301
1,3358
1,5814
1,11475
1,5826
1,26293
1,12759
1,3231
1,24580
1,10909
1,14882
1,14326
1,3209
1,5898
1,21259
1,23024
1,6023
1,27458
1,2430
1,11376
1,10987
1,26821
0,9939
1,17718
1,26154
1,8239
0,13714
1,9528
1,24277
1,10545
1,2906
1,2849
1,10120
1,25550
0,11359
1,29256
0,20013
1,24201
1,26888
1,27521
1,13780
1,14296
1,28142
1,24038
1,21700
1,9586
1,10264
1,14594
1,14361
1,1523
1,8311
1,21503
1,2067
1,7276
1,14368
1,24435
1,26289
1,1252
1,17218
1,1543
1,15136
1,13143
1,29101
1,3785
1,29731
1,18825
1,2136
1,5022
0,2329
1,11321
1,920
1,13866
1,474
1,18841
1,10469
1,28291
1,21236
1,24638
1,19501
1,2564
1,8751
1,4031
1,9516
1,7771
1,4470
1,9767
1,26655
1,10466
1,456
1,24738
1,18005
1,6940
1,2610
1,13560
1,18192
1,1184
1,25984
1,17222
1,15399
0,18607
1,8947
1,25087
1,21529
1,6244
1,926
0,1518
1,5632
1,2168
1,15781
0,3800
1,15117
1,11659
1,19759
1,21125
0,22211
1,7016
1,20578
1,2768
1,2929
1,23842
1,7163
1,2914
1,23829
1,5272
1,1700
1,26048
1,19592
0,27999
1,1410
1,24948
1,26506
1,17707
1,20979
1,13274
1,28707
1,22397
1,16802
1,20957
1,13737
1,17628
1,6446
1,4887
1,29510
1,11511
1,851
1,21100
1,21498
1,15301
1,24479
1,8100
1,19962
1,6072
1,16830
1,1638
1,1402
1,9079
1,9799
1,16468
1,7755
1,20383
1,15682
1,5253
1,7132
1,6417
1,15729
1,5356
1,14570
1,6558
1,20254
1,12468
1,211
1,1914
1,29349
1,25380
1,1741
1,1121
1,11948
0,24150
1,26510
1,27063
1,27586
1,20711
1,11281
1,16416
1,10768
1,7385
1,14495
1,19440
1,25650
1,23737
0,23697
1,8479
1,8392
1,28596
1,10716
1,27517
1,5020
1,19036
1,4168
1,19827
1,25510
1,13656
1,28562
1,2934
1,27693
1,20484
1,14726
1,8915
1,9333
1,7606
1,4742
1,22420
1,23317
1,15302
1,26115
1,14209
1,14766
1,19767
1,2541
1,17625
1,28393
1,25224
1,3121
1,8310
1,20204
1,4601
1,27950
1,29258
1,19768
1,19684
1,27924
1,7891
1,26044
1,26487
1,20679
1,27885
1,20438
1,2053
1,11643
1,16840
1,29142
1,7432
1,2242
1,20382
1,14095
1,5764
1,2784
1,8052
1,14023
1,28695
1,25622
1,25214
1,11046
1,26590
1,13858
1,25537
1,11336
1,26877
1,5969
1,10180
1,16935
1,4179
1,2180
1,8811
1,8990
1,8631
1,15153
1,3389
1,1812
1,26033
1,2222
1,26460
1,8616
1,366
1,21531
1,12200
1,1431
1,7756
1,25100
1,18205
1,16605
1,5037
1,8730
1,18456
1,22851
1,22738
1,12118
1,24996
0,22900
1,23559
1,13669
1,19077
1,27984
1,12805
1,17667
1,29045
1,27824
1,12081
1,28080
1,24660
1,17273
1,11450
1,1807
1,408
1,9992
1,18447
1,21233
1,8959
1,673
1,10777
1,19458
1,19111
1,17900
1,11422
1,7830
1,3865
1,29416
1,12007
1,28875
1,15583
1,20555
1,27747
1,7633
1,14040
1,15671
1,14983
1,23157
1,14130
1,28506
1,13300
1,15092
1,6540
1,1919
1,7231
1,2955
1,6881
1,18617
1,11591
0,29080
1,10421
1,16005
1,29974
1,11843
1,5571
1,26122
1,23352
1,21966
1,5527
1,20123
0,19559
1,15647
1,13567
1,16748
1,3027
1,5981
1,16
1,14275
1,1257
1,12206
1,6647
1,4349
1,16367
1,15237
1,11065
1,13688
1,9591
1,6011
1,238
1,1875
1,16249
1,7155
1,462
1,11430
1,5909
0,14786
1,12239
1,393
1,29414
1,6324
1,9780
1,3034
1,29929
1,27947
1,29985
1,9157
1,25597
1,24652
1,21474
1,12893
1,28335
1,2165
1,19423
1,17128
1,6286
1,11102
1,25207
1,22443
1,3127
1,9320
1,24248
1,10523
1,7659
1,23946
1,10081
1,12381
1,24516
1,9282
1,12168
1,7940
1,20691
1,3757
1,13501
1,28997
1,2127
1,14490
1,27986
1,11285
1,15361
1,9803
1,1601
1,19617
1,6388
1,20284
1,21049
1,8248
1,404
1,3824
1,17908
1,23405
1,20223
1,7445
1,15598
1,16742
1,6547
1,18269
1,7424
1,14795
1,4316
1,22982
1,24026
1,25374
1,1093
1,842
0,18714
1,23438
1,6667
1,17269
1,8385
1,13991
1,27922
1,29012
1,25295
1,9692
1,29293
1,19068
1,14343
1,22086
1,12594
1,24171
1,23022
1,17927
1,18561
0,29942
1,2854
1,15330
1,14157
1,6679
1,10314
1,8755
1,22100
1,20415
1,22755
1,16616
1,12240
1,19014
1,26481
1,852
1,14942
1,16053
1,6802
1,27419
1,4249
1,19560
1,25120
1,3894
1,17619
1,10478
1,11788
1,17596
1,24474
1,14184
1,8303
1,2905
1,6909
1,11410
1,5963
1,14366
1,27157
1,23907
1,16607
1,24496
1,27145
1,28876
1,20810
0,20239
1,3652
1,11302
1,11516
1,22731
1,5422
1,29264
1,6021
1,18174
1,17021
0,25233
1,21657
1,10926
1,289
1,37
1,18091
1,6762
1,25056
1,3018
1,16397
1,12185
1,4099
1,21422
1,8209
1,27071
1,9572
1,3152
1,16680
1,47
1,576
1,12798
1,14768
1,3216
1,16167
1,2450
1,29977
1,6771
1,2947
1,10576
0,24696
1,24556
1,21452
1,2241
1,24143
1,8734
1,19076
1,28827
1,15916
1,23167
1,18373
1,11750
1,12042
1,29602
1,9585
0,23263
1,16879
1,23926
1,28857
1,11368
1,8542
1,12034
1,25332
1,6968
1,23582
1,26489
1,16940
0,4766
1,29304
1,10451
1,11878
1,25000
1,24359
1,16700
1,24936
1,3229
1,11300
1,6390
1,20217
1,28909
1,7525
1,12563
1,24919
1,29355
1,10357
1,11055
1,15166
1,364
0,2961
1,12445
1,23136
1,17165
1,17185
1,22314
1,21631
1,5055
1,11243
1,10603
1,2403
1,25343
1,7622
1,25666
1,18528
1,1340
1,23818
1,28161
1,25043
1,13405
1,24425
1,11375
1,15102
1,416
1,6896
1,7856
1,5139
1,20657
1,14918
1,27843
0,8824
1,15524
1,20227
1,21194
1,1169
1,13226
1,6691
1,12811
1,1591
0,15737
1,8172
0,3582
1,20497
1,5730
1,28551
1,14812
1,15321
1,28516
1,22776
1,21395
0,26563
1,28579
1,28330
1,4412
1,4199
1,18265
1,26094
1,9003
1,3705
1,5766
1,29373
1,25463
1,25330
1,14927
1,1059
1,24686
1,24734
0,26511
1,10647
1,7261
1,21923
1,13963
1,21632
1,20
1,19135
1,24022
1,21386
0,17170
1,24793
1,14212
1,29380
1,13746
1,27302
1,22764
1,7926
1,2873
1,21816
1,24668
1,29010
1,10515
1,20019
1,21676
1,17874
1,22560
1,5824
1,21170
1,2223
1,27481
1,29971
1,500
1,6335
1,16584
1,16008
1,4458
1,29240
1,4073
1,25481
1,21708
1,29050
1,241
1,6479
1,12394
1,13700
1,22837
1,28017
1,6485
1,20952
1,25827
1,16484
1,1200
1,21851
1,22554
1,1486
0,12299
0,10028
1,7505
1,1995
1,1629
1,26261
1,9830
1,28574
1,11769
1,19894
1,16657
1,11123
1,4475
1,17010
1,2315
1,18784
1,3847
1,21252
1,544
1,12436
1,18775
1,26859
1,24605
1,16320
1,16332
1,7959
1,24975
1,6811
1,23178
1,27514
1,1372
1,26618
1,21161
1,2328
1,26758
1,25548
1,16374
1,27064
1,6042
1,10391
1,19187
1,10171
1,11935
1,24624
1,23587
1,2281
1,14215
1,17041
1,222
1,17980
1,8955
1,19139
1,18430
1,29605
1,1139
1,4229
1,6080
1,3387
1,22610
0,26574
1,6217
1,9017
1,6766
1,7851
1,26598
1,15476
1,6090
1,1149
1,3205
1,4117
1,26334
1,17833
1,16471
1,1877
1,9930
1,26925
1,17855
1,22795
1,19160
1,22497
1,12347
1,4759
1,6200
1,6448
1,19611
1,4725
1,20817
1,14467
1,12800
1,10006
1,17811
1,16554
1,14078
1,3822
1,1329
1,20846
1,20369
1,28167
1,8042
1,27030
0,21869
1,29384
1,14062
1,21896
1,24500
1,7950
1,25883
1,9705
1,942
1,5018
1,2635
1,24871
1,6849
1,20551
1,23905
1,12015
1,7488
1,10470
1,16019
1,7832
1,7701
1,23475
1,14308
1,22365
1,5287
1,7374
1,18713
1,24656
1,14438
1,208
1,1598
0,2340
1,3580
1,29417
1,3852
1,4671
1,20540
1,24229
1,3532
1,13715
1,26401
1,25010
1,15285
1,14588
1,18413
1,14409
1,26301
1,1385
1,22650
1,12806
1,18128
1,7602
1,8991
1,22814
1,10307
1,11861
1,10960
1,27466
1,27926
1,22888
1,21351
1,18493
1,26432
1,13719
1,2402
1,16039
1,24971
1,11337
1,14179
1,21825
1,29222
1,4052
1,24960
1,8017
1,29708
1,17656
1,52
1,19552
1,17841
1,9272
1,8286
1,27183
1,1524
1,22488
1,12649
1,19236
1,27358
1,10738
1,7097
1,6663
1,8566
1,585
1,19865
1,22251
1,25657
1,22987
1,3258
1,15119
1,6106
1,19733
1,9506
1,9650
1,2774
1,21443
1,24448
1,29574
1,11347
1,15133
1,25311
1,21711
1,17328
1,7469
1,5586
1,23601
1,4851
1,22023
1,11773
1,22802
1,29173
1,13925
1,24991
1,8196
1,25736
1,19263
1,15289
1,15254
1,29299
1,11071
1,7758
1,19996
1,27989
1,22763
0,19820
1,12293
1,28353
1,10149
1,18397
1,10455
1,7570
1,8126
1,1896
1,29832
1,27665
1,24800
1,22939
1,7050
1,6695
1,5689
1,785
1,7341
1,12877
1,17114
1,2766
1,11990
1,253
1,20692
1,2521
1,14226
1,28657
1,23109
1,27888
1,22185
1,27772
1,5669
1,10288
1,14191
1,25383
1,8276
1,15820
1,19930
1,14879
1,5326
1,14561
1,23896
1,19814
1,16138
1,16178
1,25493
1,24325
1,20005
1,25408
1,21539
1,8093
1,20609
1,29753
1,6211
1,5265
1,5274
1,23154
1,23735
1,4283
1,18201
1,21993
1,26890
1,29128
1,17987
1,18753
0,5266
1,27938
1,9363
1,26808
1,28714
1,26716
1,26800
1,29030
1,17506
1,23040
1,8710
1,26083
1,21008
1,4507
0,14027
1,19978
1,23029
1,16233
1,20717
1,18328
1,21224
1,22390
1,6056
1,29290
1,9934
1,13789
1,6805
1,3593
1,8037
1,14356
1,8592
1,15818
1,5118
1,27915
1,3984
1,13531
1,24450
1,9924
1,23019
1,25797
1,14238
1,70
1,15038
0,1119
1,26809
1,8746
1,27415
1,14773
1,7068
0,22135
1,1793
1,21938
1,17979
1,4435
0,16207
1,13859
1,5100
1,9191
1,6789
1,14709
1,721
1,2287
1,7852
0,19226
1,17787
1,11070
1,3898
1,9961
1,20185
1,9213
1,7096
1,20938
1,15195
1,17223
1,6681
1,24239
1,25358
1,794
1,6242
1,22909
1,15605
1,10664
1,7750
1,22941
1,24612
1,27555
1,1384
1,26116
1,11907
1,29627
1,907
1,24100
1,17869
1,3197
1,14627
1,693
1,981
1,24278
1,27656
1,5043
1,11382
1,11000
1,21027
1,18675
1,4957
1,23523
1,14465
1,12441
1,21682
1,21973
1,10764
1,26731
1,9354
0,8215
1,28767
1,19245
1,3548
1,16549
1,4247
1,23889
0,4172
1,18175
1,13738
1,23498
1,3403
1,11968
1,8059
1,5516
1,8244
1,10635
1,13922
1,27116
1,2013
1,19224
1,2817
1,25513
1,25825
1,15833
1,26769
0,26098
1,19758
1,14416
1,9519
1,26894
1,8664
1,14190
1,13564
1,21
1,25339
1,20011
1,24966
1,1126
1,25117
1,24375
1,12005
1,4642
1,6426
1,6093
1,26267
1,4208
1,25618
1,10309
1,18888
1,19143
1,16949
1,27513
1,8951
0,24094
1,28273
1,28560
1,8278
1,14670
1,15626
1,27969
1,20242
1,22336
1,14271
1,8451
1,21787
1,17017
1,9080
0,4920
1,17542
1,12933
1,24918
1,27591
1,26053
1,4656
1,20192
1,19975
1,20764
1,29445
1,10938
1,29026
1,18773
1,23616
1,21684
1,17709
1,16206
1,26136
1,7269
1,11288
1,25838
1,12235
1,28584
1,12245
1,17820
1,7581
1,27962
1,16523
1,10609
1,29960
1,26299
1,2716
1,1737
1,21035
1,15024
1,7508
1,16286
1,1030
1,16600
1,29575
1,29795
1,4427
1,17832
1,8251
1,10119
1,20400
0,17921
1,11374
1,15182
1,20818
1,15084
1,15444
1,15805
1,872
1,27977
1,24316
1,8331
1,10496
1,11465
1,4012
1,21389
1,17123
1,26127
1,20840
1,22522
1,5463
1,15573
1,18310
1,18346
1,7166
1,13429
1,20092
1,4054
1,17015
1,25306
1,7537
1,10272
1,4185
1,8793
1,5637
1,23340
1,12543
1,3096
1,22477
1,5691
1,14829
1,23487
1,10122
1,12961
1,24084
1,15106
1,3632
1,388
1,26199
1,16729
1,24672
1,22276
1,29441
1,4840
1,7912
1,1347
1,14468
1,7983
1,8597
1,8576
1,20373
1,8144
1,12942
1,18105
1,26406
1,9651
1,7217
1,5464
1,15551
1,15510
1,18117
1,15000
1,24048
1,16644
1,24569
1,23356
1,5419
1,8398
1,21210
1,13491
1,4363
1,27530
1,25329
1,8089
1,21248
1,7929
1,14367
1,1842
1,27308
1,24231
1,8063
1,6176
1,6201
1,20220
1,26012
1,22254
1,20023
1,26448
1,9955
1,282
1,24577
1,11642
1,10575
1,25496
1,3675
1,7422
1,27920
1,4519
1,28458
1,13223
1,18956
1,14639
1,15170
1,29459
1,12292
1,12540
1,7416
1,15210
1,23881
1,1794
1,27955
0,15269
1,29345
1,4771
1,27951
1,4056
1,12043
1,17917
1,24785
0,26806
1,13993
1,25239
1,13055
1,22852
1,19088
1,11527
1,5772
1,11354
1,11960
1,27706
1,15952
1,14316
1,24047
1,4428
1,13489
1,5275
1,24664
1,25607
1,17512
1,15118
1,6951
1,28172
1,28605
1,10374
1,12077
1,16599
1,11454
1,1226
1,26922
1,14091
1,27389
1,5491
1,8204
1,4380
1,26183
1,22516
1,22463
1,18379
1,19778
1,19695
1,27444
1,7836
1,5528
0,28159
1,6838
1,6315
1,23672
1,28008
1,12570
1,13151
1,25993
1,1008
1,25621
1,5332
1,28054
1,4147
1,24907
1,14459
1,10507
1,4888
1,15864
1,5859
1,1734
1,28202
1,16520
1,15311
1,1140
1,12062
1,17135
1,6988
1,9687
1,22762
1,15407
1,28065
1,22562
0,12734
1,2554
1,21983
1,8623
1,27154
1,20962
1,13394
1,7317
1,6887
1,24704
1,11723
1,2199
1,20742
1,8888
0,8425
1,22675
1,17183
1,13586
1,29854
1,6163
1,23023
1,15123
1,24025
1,21118
1,17113
1,11838
1,12793
1,6618
1,2916
1,10949
1,20073
1,1732
1,28983
1,15643
1,12812
1,26377
1,13740
1,3108
1,8737
1,4148
1,21634
1,13508
1,518
1,14801
1,27777
1,8573
1,25874
1,6710
1,26763
1,12282
1,4354
0,28226
1,8637
1,26752
1,11130
1,16217
1,15796
1,5882
1,29585
1,24082
1,19797
1,27957
1,14650
0,4804
1,5856
1,19009
1,9179
1,6395
1,7788
1,4452
1,6749
1,13692
1,982
1,27764
1,24027
1,9542
1,28543
1,3109
1,9227
1,22743
1,21556
1,21856
1,20265
1,26853
1,7274
1,25082
1,5899
1,18616
1,11197
1,906
1,15541
1,11456
1,15470
1,11985
1,20480
0,14585
1,26841
1,17045
1,26244
1,22912
1,11424
1,29151
1,23285
1,7465
0,22834
1,21678
1,26830
1,17002
1,18429
1,28478
1,6134
1,6528
1,20155
1,21182
1,13408
1,8384
1,25359
1,14274
1,29713
1,9149
1,11938
1,23784
1,3414
1,1168
1,11662
1,2429
1,8849
0,24282
1,13613
1,19269
1,15719
1,6295
1,5503
1,16682
1,9526
1,8912
1,16734
1,19527
1,583
1,15436
1,20411
1,5039
1,10752
1,14507
1,12527
1,7399
1,24416
1,29879
1,12063
1,17173
1,26647
1,5191
1,18680
1,22037
1,16122
1,28504
1,25949
1,19025
1,11179
1,27033
1,13761
1,29717
1,17793
1,1146
1,757
1,3482
1,23777
1,4233
1,16204
1,6595
1,8540
1,27212
1,16219
1,29291
1,248
1,7835
1,19805
1,28615
1,2845
1,10772
1,6399
1,19548
1,26110
1,15186
1,2823
1,18110
1,21450
1,28474
1,4750
1,979
1,2662
1,17665
1,15394
1,4487
1,24374
1,26273
1,328
1,16442
1,25675
1,8863
1,10976
1,9060
1,25187
1,15900
1,14348
1,18274
1,11902
1,602
0,5807
1,25121
1,11407
1,432
1,5513
1,18336
1,219
1,18419
1,8874
1,3918
1,24042
1,14748
1,11221
1,5879
1,26371
1,18629
1,25030
1,4971
1,22042
1,12309
1,2986
1,6449
1,7770
1,20533
1,1990
1,25908
1,2034
1,23359
1,24589
1,20359
1,22303
1,18275
0,103
1,22052
1,21310
1,27934
1,25899
1,25381
1,27392
1,11598
1,4133
1,22301
0,735
1,8978
1,12372
1,28187
1,121
1,12521
1,15560
1,16828
1,14160
1,25758
1,8666
1,22674
1,14370
1,18908
1,11777
1,28878
1,16824
1,29411
1,21596
1,25782
1,10847
1,19380
1,28288
1,16359
1,21404
1,23951
1,2562
1,10595
1,10765
1,8466
1,23822
1,24160
1,7554
1,15239
1,334
1,18693
1,20158
1,24052
1,10551
1,6871
1,7413
1,27075
1,27189
1,23422
1,1038
1,8374
1,6203
1,22860
1,3158
1,17164
1,23504
1,15112
1,26638
1,9960
1,14910
1,7680
1,4903
1,14455
1,24493
1,6600
1,20269
1,23303
1,2909
1,13454
1,23503
0,1232
0,4839
1,8905
1,871
1,13301
1,12067
1,26353
1,21213
1,2190
1,26462
1,11163
1,20237
1,25458
1,22399
1,24214
1,12052
1,16782
1,6764
1,5617
1,538
1,20612
1,3307
1,22038
1,850
1,309
1,14177
1,8803
1,6330
1,23495
1,1539
1,20961
1,27094
1,25989
1,27216
1,7817
1,25965
1,25453
1,23079
1,26185
1,28135
1,16673
1,21048
1,9701
1,22808
1,5960
1,28949
1,5192
1,15967
1,7009
1,26774
1,8984
1,16956
1,2664
1,12761
1,17365
1,16786
1,12691
1,11124
1,966
0,25474
1,28430
1,14499
1,28355
1,7600
1,10656
1,25524
1,5585
1,26977
1,13492
1,18483
1,29019
1,11525
1,15779
1,22457
1,10961
1,7321
1,11027
1,11840
1,16373
1,15938
1,16655
1,10891
1,26996
1,16032
1,24344
1,18758
1,19973
1,15855
1,11566
1,23118
1,6363
1,23598
1,13645
1,17433
1,12422
1,2206
1,690
0,1527
1,10217
1,1628
1,4769
0,511
1,11885
1,3817
1,23277
1,1474
1,10794
1,22102
1,16964
1,9984
1,12658
1,4396
1,20982
1,2125
1,4752
1,3816
1,28832
1,20350
1,27438
1,21432
1,17078
1,18756
1,24614
1,11740
1,4430
1,5001
1,13205
1,23682
1,3124
1,5775
1,15357
1,4818
1,12868
1,15035
1,3841
1,29061
1,17898
1,11014
1,14559
1,19061
1,17766
1,19889
1,19979
1,1379
1,7205
1,10552
1,18557
1,15140
1,7710
1,22388
1,20837
1,9473
1,23906
1,17543
1,6002
1,10705
1,2120
1,22525
1,2367
1,10599
1,15589
1,15493
1,4707
1,15530
1,7849
1,2738
1,18546
1,13879
1,20006
1,6604
1,21492
1,17966
1,29586
0,14539
1,21738
1,26544
1,13327
1,17745
1,11962
1,4167
1,25605
1,29241
1,29281
1,19899
1,22828
1,23539
1,11648
0,16330
1,11093
1,16762
1,514
1,1380
1,20090
1,26538
1,21744
1,14441
1,17190
1,19343
1,18983
1,3858
1,18909
1,13909
1,24839
1,20465
1,1171
1,8511
1,16344
1,18181
1,20442
1,9535
1,3073
1,13324
1,6250
1,23308
1,8507
1,8073
1,243
1,5647
0,9681
1,11403
1,26347
0,15042
1,29093
1,29175
1,2138
1,3574
1,22341
1,18293
1,24106
1,7075
1,12605
1,2649
1,27542
1,12075
1,8048
1,19725
1,26548
1,20199
1,12579
1,16295
1,27674
1,18836
1,12891
1,5919
1,12791
1,11684
1,9618
1,8981
1,3572
1,11006
1,1984
1,16661
1,4101
1,11918
1,28526
1,16084
1,18134
1,15786
1,21688
1,5406
1,11315
1,16829
1,1890
1,24371
1,18145
1,5863
1,5661
1,6937
1,28229
1,8366
1,17160
1,11452
1,5640
1,6745
1,3993
1,1708
1,6928
1,15062
1,5369
1,18725
1,19489
1,13750
1,24747
1,992
1,13474
1,11251
1,18767
1,17303
1,6950
0,26178
1,22386
1,7405
1,17373
1,27272
1,14921
1,2864
1,21152
1,9615
1,4255
1,4856
1,22925
1,403
1,20485
1,20018
1,27042
1,26978
1,21699
1,7372
1,3106
1,23016
1,29630
1,16281
1,15554
1,29654
1,25046
1,753
1,23325
0,16460
1,29887
1,8517
1,14159
1,6333
1,2240
1,10450
1,13458
1,5830
1,29359
1,27379
1,15798
1,25743
1,23507
0,23894
1,11859
1,22752
1,2815
1,25687
1,17439
1,19549
1,10984
1,14204
1,28041
1,4588
1,23282
1,14956
1,12267
1,14802
1,9326
1,2119
1,15281
1,21978
1,11945
1,4976
1,4113
1,19877
0,26876
1,2313
1,18517
1,15989
1,2220
1,27683
1,25751
1,5337
1,8323
1,23168
1,17742
1,25815
1,23883
1,16051
1,7739
0,3273
1,28231
1,19714
1,22785
1,21129
1,21413
1,28520
0,5493
1,18540
1,7320
1,8178
1,16443
1,4369
0,24382
1,26179
1,12127
1,13618
1,19590
1,25871
1,7319
1,4908
1,13667
1,29791
1,10348
1,13275
1,14811
1,15499
1,16628
1,2075
1,1239
1,28214
1,9796
1,1579
1,27965
1,1295
1,15494
1,10522
1,12327
1,29751
1,17272
1,27322
1,28813
1,7036
1,863
1,27551
1,12497
1,18489
0,6869
1,27414
1,7669
1,27862
1,16162
1,10012
1,16170
1,5116
1,8236
1,4368
1,12821
1,15939
1,28304
1,28340
1,16450
1,26450
1,29938
0,27967
1,25670
1,12442
1,3783
1,14937
1,5385
1,13995
1,19465
1,13599
1,15261
1,27742
1,26968
1,22220
1,15003
1,26166
1,21358
1,15517
1,19488
1,25299
1,7653
1,357
1,6037
1,2522
1,3144
1,9571
1,5763
1,1756
1,8094
1,7109
1,7671
1,18748
1,21528
1,4090
1,24396
1,5153
1,13899
1,9372
1,11271
1,25921
1,13406
1,7389
1,1891
1,18243
1,16919
1,9450
1,12214
1,13649
1,24062
1,12260
1,3173
1,11802
1,25719
1,9602
1,13031
1,13257
1,8505
1,25418
1,12838
1,13076
1,18610
1,3486
1,6625
1,19121
1,3856
1,3356
1,3861
1,29437
1,19273
1,9273
1,17039
1,8541
1,18926
1,10722
1,15460
1,3182
1,4355
1,28672
1,17121
1,22496
1,8553
1,21710
1,7345
1,13663
0,10894
1,22725
1,13121
1,25077
1,23608
1,2926
1,20418
1,24859
1,515
1,18963
1,6380
1,2656
1,3001
1,26479
1,8837
1,4890
1,15933
1,74
1,17837
1,15379
1,11220
1,2321
1,24388
1,17291
1,10935
1,6989
1,11994
1,20029
1,23140
1,150
1,5359
1,9689
1,2795
1,18692
1,12904
1,25055
1,17993
1,7375
1,4899
1,21828
1,19965
1,4353
1,6982
1,12072
1,9071
1,24899
1,25637
1,4250
1,18422
1,28043
1,26156
1,9730
1,9247
1,14929
1,17258
1,20362
1,16142
1,2577
1,29757
1,14001
1,23329
1,14448
1,322
1,28009
1,18914
1,19753
1,365
1,16712
1,12335
1,12607
1,27596
1,19673
1,18343
1,14836
1,21421
1,27482
1,1287
1,9597
1,11367
1,17845
1,4700
1,8128
1,11531
1,9929
1,82
0,29803
1,6888
1,26055
1,5987
1,6649
1,1861
1,24961
1,28599
1,26917
1,468
1,28638
1,26125
1,27261
1,8603
1,24518
1,1899
1,268
1,26916
1,24697
1,1144
1,3316
1,8860
1,11002
1,688
1,3421
1,13109
1,23460
1,19729
1,28503
1,608
1,24593
1,16947
1,4146
1,8663
1,3530
1,1370
1,21995
1,16422
1,13880
1,27673
1,13289
1,11857
1,23812
1,11394
1,10430
1,14036
0,24011
1,25541
1,2042
1,26211
1,5995
1,27339
1,19478
1,2696
1,21901
1,29288
1,20544
1,24730
1,23231
1,23727
1,17598
1,17795
1,27606
1,305
1,24840
1,12358
1,22071
1,19497
1,20656
1,29455
1,3038
1,4659
1,17623
1,32
1,8306
1,25098
1,29165
1,13437
1,22929
1,17627
1,7249
1,21110
1,12224
1,18747
1,19591
1,9649
1,19884
1,18931
1,24976
1,15291
1,16417
1,24352
1,13923
1,21715
1,4875
1,21399
1,28260
1,22730
1,12653
1,3545
1,8220
1,22847
1,23620
1,573
1,9390
1,12612
1,10862
1,29333
1,5466
1,11204
1,10634
1,20134
1,29002
1,19888
1,9832
1,24887
1,20790
1,9474
1,2198
1,24678
1,15356
1,26464
1,11629
1,2347
1,3134
1,25007
1,23243
1,21697
1,5848
1,25826
1,27217
1,27910
1,27499
1,26100
1,8337
1,29847
1,2277
1,4514
1,23183
1,26137
1,567
1,11630
1,6554
1,12417
1,25105
1,14611
1,17748
1,20615
1,21375
1,23605
1,4608
1,13196
1,11512
1,6924
1,14950
1,4811
1,24915
1,19261
1,26332
1,12303
1,4192
1,29263
1,9653
1,4813
0,21206
1,8194
1,23361
1,14211
1,6409
1,13499
1,3566
1,22437
1,23245
1,21943
1,16222
1,20831
1,11077
1,8332
1,6058
1,14486
1,16979
1,29814
1,26920
1,11140
1,9860
1,13806
1,25904
1,26246
1,14859
1,6860
1,5970
1,26656
1,28429
1,5214
1,16351
1,27556
1,4203
1,4898
1,12032
1,23583
1,16746
1,21721
1,21535
1,14076
1,106
1,6202
1,974
1,20356
1,9752
1,13762
1,12291
1,14013
1,23687
1,26400
1,11335
1,2740
1,9605
1,26118
1,21317
1,28247
1,20252
0,23776
1,24687
1,10774
1,19195
1,12556
1,16234
1,11491
1,783
1,2712
1,23428
1,21633
1,4288
1,4741
1,8872
1,12142
1,8783
1,16575
1,14668
1,9188
1,24932
1,11676
1,14864
1,6980
1,6808
1,9296
1,24196
1,28435
1,19919
1,12516
1,5786
1,2382
1,13630
1,23578
1,9888
1,1785
1,1045
1,17659
1,27046
1,13707
1,13641
1,13256
1,16759
1,6610
1,19021
1,8624
1,6916
1,10408
1,10091
1,14996
1,13662
1,3802
1,23843
1,5298
1,10224
1,28261
1,23116
1,15115
1,652
1,28572
0,26825
1,24666
1,25432
1,11212
1,6643
1,14369
1,5702
1,19205
1,11231
1,11650
1,23684
1,18611
1,19773
1,24360
1,3627
1,28731
1,5113
1,18224
1,21417
1,913
1,26794
1,11165
1,9253
1,5609
1,27563
1,12181
1,29144
1,15011
1,8613
1,2316
1,13020
1,11499
1,15762
1,11050
1,16398
1,17551
1,26646
1,8389
1,15076
1,29609
1,14886
1,3884
1,18715
1,29528
1,8980
1,9511
1,24891
1,28488
1,4039
1,2101
1,17504
1,10158
1,23253
1,14104
1,8261
1,7340
1,10473
1,18843
1,26764
1,11083
1,26659
1,23297
1,21298
1,18000
1,26719
1,18735
1,26344
1,6992
1,5040
1,25038
1,14936
1,17453
1,21826
1,20684
0,6232
1,10100
1,3368
1,6607
1,224
1,2595
1,21805
1,8237
1,21205
1,17378
1,27166
1,454
1,9595
1,19878
1,25837
1,11366
1,23111
1,6483
1,4935
1,6279
1,18952
1,2354
1,25848
1,19500
1,1912
1,3965
1,19250
1,12255
1,18912
1,19341
1,26990
1,2392
1,18896
1,24557
1,23558
1,4269
1,2527
1,27869
1,2782
1,4226
1,912
1,5200
1,26361
1,13716
0,1321
0,13118
1,3806
1,16567
1,20859
1,4765
1,22589
1,582
1,4915
1,3224
1,24440
1,2941
0,19225
1,28724
1,12981
1,27008
1,22328
1,9663
1,23543
1,5698
1,20209
1,29320
1,7906
1,16486
1,21257
1,18598
1,14387
1,23817
1,20133
0,11447
1,23999
1,3699
1,27981
1,20535
1,16708
1,1811
1,12744
1,17764
1,12682
1,18501
1,18204
1,11428
1,15248
1,7233
1,20996
1,888
1,8876
1,25033
1,16306
1,1027
1,25036
1,15633
1,7133
1,11295
1,11900
1,27644
1,27600
1,19400
1,24928
1,16630
1,21576
1,27357
1,10549
1,6087
1,471
1,716
1,10721
1,3742
1,6136
1,25958
1,28666
0,13368
1,5379
1,17535
0,6959
1,11691
1,27469
1,28870
1,12222
1,18072
1,28879
1,19848
1,4454
1,5305
1,25698
1,12636
1,19086
1,10347
1,13711
1,12972
1,4129
1,6364
1,17316
1,1745
1,26982
1,2558
1,14744
1,19443
1,5798
1,3090
1,19313
1,28837
1,14607
1,28131
1,12777
1,12698
1,16088
1,1707
1,6852
1,18227
1,27731
1,7858
1,6361
1,12671
1,27906
1,29053
1,1599
1,21099
1,20022
1,21079
1,13122
1,2631
1,6421
1,29367
1,24553
1,26772
1,10452
1,11781
1,29018
1,19796
1,17424
0,16145
1,27827
1,27299
1,1670
1,4896
1,13699
1,24489
1,16651
1,11328
1,7065
1,29210
1,12476
1,11045
1,24538
1,6617
1,9906
1,13281
1,18876
1,644
1,11528
1,21208
0,27447
1,15325
1,10824
1,768
0,43
1,23106
1,13460
0,345
1,29058
1,29849
1,16073
1,5878
1,22438
1,17352
1,8649
1,118
1,10828
1,23293
1,9016
1,27142
1,18988
0,18027
1,13840
1,6355
0,9076
1,17449
1,2882
1,15614
1,80
1,26597
1,26385
1,12867
1,15152
1,3814
1,983
1,20387
1,12861
1,26078
1,15456
1,11957
1,18838
1,25407
1,5991
1,25309
1,20469
1,20177
1,18619
0,7641
1,12768
1,13955
0,26860
1,8656
1,8180
1,28916
1,19316
1,14029
1,13668
1,26155
1,17550
1,20783
1,2179
1,14355
1,19680
1,23644
1,20580
1,14408
1,5694
1,4539
1,10813
1,10684
1,29628
1,21639
1,10766
1,353
1,3471
1,19931
1,28765
1,19694
1,22951
1,4276
1,1246
1,9398
1,27785
1,9739
1,13579
1,13969
1,3191
1,8758
1,26857
1,9329
1,6431
1,2492
0,3981
1,26307
1,2121
1,2516
1,27628
1,13390
1,14564
1,17461
1,23500
1,27093
1,13387
1,6293
1,15103
1,27196
1,21760
1,6050
1,2113
1,8745
1,11064
1,14861
1,27773
1,23213
1,3393
1,13833
1,10618
1,24761
1,24545
1,23028
1,6868
1,8865
1,18216
1,15317
1,8407
1,6129
1,9980
1,25371
1,8009
1,14379
1,1920
1,6004
1,21512
1,17094
1,27781
1,1937
1,18168
1,21333
1,12402
1,10023
1,4858
1,26712
1,11959
1,27805
1,24295
1,9757
1,17053
1,8013
1,12511
1,22155
1,18721
1,23870
1,15714
1,20508
1,24499
1,12622
1,19918
1,28570
1,13060
1,6854
1,29449
1,13741
1,3853
1,3213
1,2463
1,3254
1,25961
1,18114
1,23481
1,21489
1,24081
1,5985
1,8521
1,20273
1,27197
1,13770
1,19437
1,20147
1,13559
1,16015
1,22193
1,20835
1,29530
1,5589
1,6839
1,3132
1,21030
1,11449
1,12057
1,26971
1,19886
1,5983
1,25770
1,26282
1,28019
1,2334
1,3202
1,1282
1,9412
1,27768
1,16739
1,21853
1,543
1,28984
1,26500
1,17976
1,23007
1,5283
1,28706
1,22709
1,2091
1,18250
1,9913
1,27374
1,9371
1,16870
1,16013
1,25800
1,8672
1,13091
1,19206
1,12960
1,19839
1,9396
1,24211
1,11193
1,20762
1,6857
1,27743
1,25702
0,1262
1,8340
1,14264
1,20308
1,9327
1,4852
1,23355
1,16714
0,26080
1,7407
0,3449
1,2560
1,23724
1,2609
1,8575
1,3325
1,28137
1,23204
1,17320
1,26515
1,8931
1,4715
1,14804
1,4244
1,2576
1,1618
1,12485
1,18867
1,17615
1,14483
1,1528
1,10937
1,16602
1,17422
1,15520
1,6822
1,15206
1,26798
1,8686
1,7623
1,26791
1,2005
1,28222
0,3265
1,12249
1,7665
1,27651
1,9170
1,13298
1,10030
1,20377
1,8839
1,4728
1,12228
1,10032
1,9514
1,25841
1,27715
1,23597
1,8426
1,24931
1,20559
1,19642
1,12642
1,29752
1,28618
1,15728
1,28926
0,8373
1,21946
1,29017
1,20625
1,13218
1,24269
1,6574
1,421
1,7045
1,9086
1,27623
1,25344
1,17167
1,3862
1,15028
1,25532
1,28173
1,18209
1,11707
1,11085
1,21453
1,24884
1,27762
1,3515
1,20335
1,22187
1,7484
1,2797
1,22355
1,25699
1,27359
1,2627
1,29079
1,13602
1,2380
1,7918
1,4570
1,14584
1,23622
1,23366
1,5404
1,14240
1,4060
1,2401
1,19678
1,10333
1,21016
1,7419
1,17922
1,17405
1,3058
1,20689
1,15124
1,4548
1,980
1,14016
1,9562
1,4350
1,7252
0,17404
1,21788
1,7928
0,20408
1,29033
1,26121
1,17875
0,4734
1,23235
1,20053
1,18140
1,17622
0,1026
1,22809
1,6553
1,11228
1,10797
1,4118
1,11139
1,15784
1,26407
1,24261
1,14579
1,1148
1,15335
1,6393
1,11378
1,9702
1,22318
1,28487
1,7875
1,6570
1,12064
1,5034
1,17153
1,13163
0,21212
1,25823
1,10069
1,19922
1,15238
1,9377
1,29529
1,8284
1,26496
1,18425
1,9570
1,16814
1,2877
1,15367
1,8756
1,3787
1,6183
1,28872
1,18900
1,25707
1,24380
1,18230
1,15402
1,26097
1,24717
1,12945
1,4190
1,23603
1,20522
1,2648
1,3190
1,8554
1,2548
1,16291
1,1744
1,29842
1,22378
1,29135
1,22621
1,10800
0,14963
1,5815
1,21337
1,21974
1,26213
1,16194
1,19653
1,19634
1,17023
1,9592
1,4318
1,18960
1,20251
1,20895
1,10879
1,9483
1,8411
1,7523
1,16227
1,25475
1,540
1,5485
1,26472
0,18850
1,8802
1,18929
0,8504
1,16046
1,10077
1,5927
1,4262
1,1310
1,17882
1,8918
1,8529
1,22872
1,3945
1,2219
1,3679
1,12349
1,18567
1,23511
1,27942
1,15831
1,680
1,4721
1,3420
0,17895
1,27034
1,24158
0,26955
1,9561
1,516
1,6096
1,9475
1,19807
1,24819
1,12885
0,648
1,26327
1,13142
1,20436
1,5639
1,7790
0,14866
1,5646
1,17658
1,10587
1,24674
1,6776
1,23256
1,17087
1,19015
1,9952
1,2349
1,13538
1,12944
1,15593
1,3429
1,18835
0,29052
1,8210
1,21042
1,9643
1,9124
1,5541
1,16449
0,28021
1,28013
1,10816
1,22288
1,27898
1,19498
1,26380
1,17067
0,23320
1,3509
0,16453
1,9936
1,29637
1,3939
1,20672
1,11084
1,3130
1,27378
1,22221
1,1908
1,1567
1,22168
1,21467
1,16544
1,13322
1,7063
1,17260
1,13329
1,2524
1,5291
1,27126
1,6222
1,535
1,19531
1,2326
1,16127
1,11637
1,27351
1,21798
1,2230
1,28710
1,15866
1,2951
1,16668
1,2137
1,17145
1,10748
1,112
1,22076
1,26105
1,10903
1,8074
1,25342
1,21343
1,21574
1,16582
1,20841
1,10513
1,27106
1,17726
1,17839
0,15036
1,29582
1,16497
1,14658
1,11291
1,29255
1,8533
1,7015
1,11862
1,20589
1,3283
1,26565
1,11655
1,5068
1,1942
1,27325
1,1132
1,15075
1,21587
1,21743
1,9244
1,10694
1,16434
1,14463
1,3463
1,27388
1,13617
1,26206
1,5994
1,8153
1,148
1,17290
1,4844
1,23186
1,10096
1,1709
1,11789
1,28026
1,5697
1,15169
1,21436
1,7610
1,16573
1,8428
1,6432
1,5115
1,10502
1,2659
1,15837
1,17020
1,14616
1,20206
1,17071
1,67
1,3129
1,19031
1,20843
1,7223
1,29392
1,1862
1,8725
1,29344
1,8924
1,29597
1,10848
1,26262
1,20425
1,15809
1,11310
1,19052
1,9569
1,14404
1,20250
1,7542
1,10681
1,15794
1,1815
1,27421
1,7882
1,19481
1,3990
1,16589
1,28521
1,20927
1,25123
1,11713
1,10770
1,12702
1,11821
1,9108
1,18088
1,12151
1,10173
1,11238
1,25411
1,15020
1,8611
1,19638
1,3454
1,1233
1,13404
1,9765
1,18717
1,23718
1,6526
1,12900
1,20010
1,14248
1,17540
1,25460
1,1127
1,5545
1,19262
1,6702
1,28898
1,17468
1,28688
1,8171
1,25482
1,14685
1,29347
1,5818
1,2406
1,11339
1,18260
1,29067
1,914
1,26994
1,11869
1,28093
1,16477
1,13994
1,1642
1,22074
1,10778
1,10207
1,14432
1,12343
1,28986
1,27439
1,5531
1,23546
1,1611
1,8412
1,12529
1,19786
1,9366
1,27960
1,27208
1,81
1,14434
1,16238
1,24373
1,8935
1,29075
1,20884
1,8268
1,12515
1,10673
1,19200
1,6157
1,12301
1,26650
1,2438
0,15100
1,14429
1,28685
1,9858
1,26415
1,17158
1,6520
1,28930
1,16042
1,14136
1,11471
1,4968
1,5306
1,8609
1,20871
1,8140
1,26443
1,8187
1,18085
1,5902
1,13720
1,9353
1,855
1,11294
1,1715
1,6126
0,19312
1,16494
1,15839
1,6425
1,21774
1,5518
1,21369
1,6994
1,27691
1,68
1,10553
1,2814
1,23834
1,492
1,25323
1,11523
1,5519
1,18977
1,12256
1,7480
1,15509
1,16107
1,16392
1,19162
1,24968
1,6032
1,11930
0,11795
1,16636
1,5514
1,26256
1,16565
1,21174
1,24512
1,10471
1,14097
1,17767
1,23217
1,15069
1,5583
1,13375
0,24935
1,11682
1,16401
1,22596
1,28914
1,22863
1,17836
1,4304
1,13380
1,556
1,24632
1,26584
1,12498
1,16153
1,13928
1,22997
1,10087
1,13094
1,26276
1,19970
1,11884
1,25986
1,2913
1,20536
1,658
1,19117
1,27255
1,20971
1,20807
1,18440
1,23974
1,17640
0,1131
1,25190
1,16921
1,9228
1,15531
1,29467
1,3616
1,4464
1,12845
1,19897
1,18930
1,28286
1,11616
1,10110
1,15930
1,2616
1,9661
1,1553
1,19809
1,17585
1,22668
1,27081
1,14772
1,4140
1,1537
1,25153
1,19058
1,24302
1,21175
0,215
1,28990
1,13823
1,17776
1,616
1,24324
1,12917
1,15703
1,2197
1,21145
1,9716
1,20747
1,4278
1,5027
1,2425
1,24153
1,23932
1,6546
1,18832
1,22412
1,19460
1,26983
1,15950
1,25564
1,24281
1,8640
1,11458
1,20440
1,18826
1,27912
1,12545
1,8293
1,1646
1,400
1,23267
1,11320
1,18707
1,17336
1,22304
1,9979
1,9820
1,21344
1,28862
1,1572
1,3475
1,6221
1,19480
1,13848
1,5078
1,27328
1,21384
1,9410
1,18232
1,1374
1,7054
1,17457
1,3370
1,15266
1,1981
0,17470
0,8982
1,936
1,26357
1,27062
1,7481
1,10316
1,16862
1,15666
1,10370
1,21560
1,8157
1,24539
0,15026
1,27870
1,12769
1,20477
1,7744
1,20648
1,22718
1,12882
1,24490
1,24256
1,28295
1,18158
1,19703
1,14533
1,23271
1,18514
1,22242
1,20163
1,26602
1,5130
0,24170
1,15597
1,17398
1,10662
1,20046
1,19264
1,20281
1,9304
1,10771
1,20323
1,10973
1,15826
1,405
1,22415
1,2393
1,21646
1,269
1,26456
1,25334
1,5644
1,28436
1,10556
1,22098
1,25327
1,21025
1,23856
1,17227
1,15567
1,3286
1,3141
1,23048
1,84
1,28294
1,26900
1,20129
1,1688
1,1681
1,28110
1,3622
1,20181
1,8206
1,27961
0,26953
1,6238
1,12840
1,12990
1,9120
1,23699
1,25606
1,7115
1,12954
1,26047
1,18116
1,12163
1,2279
1,7365
1,11078
1,21136
1,14064
1,6496
1,23376
1,27717
1,29127
1,29209
1,6245
1,27501
1,22324
1,19528
1,15122
1,26782
1,7496
0,18861
1,17343
1,3845
1,2088
1,3589
1,5573
1,12041
1,3154
1,3079
1,18625
1,15543
1,11177
1,9798
1,29156
1,19677
1,18985
1,4894
1,10941
1,9971
1,4447
1,24419
1,17824
1,9908
1,26335
1,596
1,4613
1,19723
1,11727
1,1014
1,9769
1,15442
1,10697
1,20582
1,18705
1,18070
1,20732
1,3708
1,3727
1,13830
1,20089
1,13867
1,16901
1,7658
1,14543
0,6518
1,4405
1,11608
1,15435
1,19118
1,3461
1,8930
1,18786
1,25642
1,14847
1,23865
1,8690
1,8280
1,1872
1,17268
1,661
1,18478
0,9004
1,11286
1,25742
1,4698
1,22946
1,2556
1,254
1,8240
1,25045
1,10407
1,13258
1,5107
1,9380
1,11252
1,27630
1,22096
1,24861
1,10128
1,6565
1,2600
1,10397
1,25349
1,8862
1,3282
1,23599
1,10490
1,2418
1,8574
1,25354
1,25990
1,4058
1,2150
1,22460
1,21237
1,9498
1,23901
0,28156
1,8792
1,16181
1,22527
1,28113
1,25185
1,27675
1,3989
1,15097
1,1476
1,1307
1,15223
1,3701
1,6300
1,24648
1,1643
1,22745
1,22735
1,2433
1,11728
1,6716
1,9411
1,17038
1,9055
1,22479
1,2911
1,13277
1,27866
1,29492
1,23612
1,14267
1,24509
1,20360
1,20145
1,15630
1,26410
0,14197
1,29086
1,25795
1,26386
1,7586
1,25402
1,8253
1,23338
1,19042
0,24003
1,16174
1,10369
1,22513
0,4644
1,13726
1,16243
1,15404
1,10311
1,1160
1,1558
1,20774
1,11757
1,8628
1,9802
1,1074
1,29376
0,8051
1,20741
1,21886
1,9325
1,6531
1,12076
1,959
1,27316
1,4836
1,20704
1,6956
1,27704
1,29745
1,17902
1,17074
1,26411
1,9793
1,28725
0,8871
1,3037
1,9174
1,28770
1,29924
1,28591
1,7709
1,23635
1,12466
1,8617
1,3726
1,17230
1,10610
1,6521
1,15556
1,7566
1,20519
1,7243
1,13473
1,14889
1,25676
1,18031
1,6400
1,17321
1,14099
1,23159
1,17430
1,23228
1,24224
1,27901
1,29633
1,10340
1,2733
1,23232
1,23928
1,2710
1,25648
1,24318
1,6967
1,22677
1,24202
1,11044
1,17565
1,23931
1,13241
1,15701
1,2796
1,6494
1,4540
1,27919
1,26038
1,3635
0,26455
1,23268
1,20730
1,11104
1,14299
1,8596
1,7879
1,8472
1,4622
1,18615
1,16240
1,19371
1,4606
1,12314
1,29535
1,10614
0,7803
1,8324
1,18102
1,2247
1,4045
1,6890
1,27771
1,28544
1,22862
1,6424
1,28925
1,12760
1,13601
1,25362
1,4973
1,5596
1,4264
1,20420
1,27404
1,13336
1,3083
1,22028
1,8427
1,10075
1,14077
1,13802
0,25920
1,607
1,24695
1,2653
1,29446
1,15013
1,25065
1,463
1,3552
1,10750
1,27491
1,12284
1,27807
1,28590
1,26354
1,15377
1,17751
1,23866
1,16917
1,8406
1,15834
1,5753
1,28375
1,8961
1,25414
1,25704
1,16874
1,20224
1,384
1,997
1,13023
1,21130
1,28450
1,138
1,24773
1,5341
1,21965
1,15852
1,5069
1,16528
1,13980
1,29158
1,8679
1,19148
1,27222
1,695
1,10070
1,4544
1,16074
1,27700
1,20210
1,9389
1,21659
1,14951
1,19567
1,9718
1,4418
1,482
1,3343
1,16402
1,10018
1,25502
1,22950
1,19812
1,17835
1,22493
1,23561
1,29825
1,3873
1,15381
1,28648
1,5912
1,2846
1,23555
1,15732
1,9729
1,20855
1,4387
1,4295
1,28479
1,27051
1,15025
1,26627
1,22227
1,21968
1,2973
1,21367
1,29351
1,22203
1,8820
0,18399
1,8965
1,9392
1,14555
0,18130
1,20460
1,8727
1,28419
1,21782
1,14511
1,20586
1,23683
1,24575
1,10820
1,27151
1,29613
1,441
1,4830
1,19463
1,16250
1,13099
1,26689
1,13979
1,8582
1,19100
1,12907
1,6792
1,26948
1,13708
1,15695
1,3136
1,26792
1,14821
1,15913
1,7412
1,14427
1,17098
1,24781
1,28331
1,5205
1,27577
1,22551
1,11075
1,18387
1,17509
1,7299
1,5592
0,16199
1,1063
1,226
1,22757
1,18290
1,20789
1,4931
1,14153
1,23045
1,27004
1,15229
1,13200
1,5227
1,20599
1,7044
1,21469
1,18472
1,10589
1,1560
1,4835
1,6801
1,5665
1,9248
1,551
1,20889
1,14199
1,8801
1,9527
1,14058
1,4517
1,24431
1,201
1,8829
0,13869
1,16785
1,23008
0,21544
1,23065
1,9791
1,57
1,25592
1,6084
1,26828
1,14809
1,2608
1,587
1,8567
1,20928
1,4998
1,29729
1,26781
1,20349
1,11227
1,24086
1,2674
1,14270
1,10536
1,15817
1,24408
1,29062
1,76
1,7111
1,5181
1,29188
1,24116
1,4950
1,27053
1,4035
1,1492
1,20149
1,10916
0,15871
1,7597
1,16961
1,17711
1,17783
1,7452
1,25092
1,9989
1,28303
1,19270
1,5572
1,3581
1,1980
1,24998
1,9434
1,10526
1,10678
1,15537
1,14152
1,21800
1,4757
1,13594
1,15705
1,21490
1,20247
1,27816
1,13721
1,8974
1,9633
0,3408
1,28578
1,22169
1,20305
0,928
1,15337
1,3386
1,14505
1,1075
1,29826
1,18074
1,28698
1,11175
1,16161
0,4298
1,5041
1,24798
0,10249
1,5857
1,7939
1,26609
1,11680
1,22577
1,2928
1,13520
1,12488
1,5662
1,4220
1,5677
1,6453
1,3942
1,9540
1,13733
1,27788
1,26973
1,21513
1,5710
1,13016
1,22470
1,15944
1,3059
1,13558
1,4382
1,1590
1,21680
1,23722
1,5012
1,10626
1,24187
1,25809
1,21872
1,27492
1,21311
1,19808
1,26362
1,10657
1,27602
1,22065
0,13918
1,29769
1,2881
1,29563
1,15393
1,28165
1,15919
1,3466
1,10537
1,18890
1,28686
1,24955
1,1359
1,15484
1,22583
1,27446
1,5835
1,2399
1,11636
1,27647
1,16124
1,19615
1,16304
1,14863
1,2946
1,174
1,24010
1,1375
1,22825
1,12616
1,22772
1,17965
1,8071
1,18308
1,17986
1,22699
1,28663
1,8618
1,24144
1,1104
1,9220
1,11136
1,26040
1,24669
1,12433
0,10729
1,13954
1,29900
1,4947
1,8488
1,12474
1,4313
1,11540
1,11582
1,25835
1,19821
1,26383
1,26696
1,26692
0,21222
1,10564
1,22469
1,18372
1,5038
1,16681
1,10582
1,25155
1,5618
1,7024
1,14493
1,1795
1,5299
1,827
0,20860
1,26340
1,13248
1,17854
1,22550
1,8774
1,6853
1,18003
1,17375
1,397
0,16030
1,13731
1,28073
1,8805
1,7423
1,23623
1,9093
1,3400
1,11072
1,20671
1,19127
1,23375
0,25930
1,12473
1,29230
1,9811
1,10849
1,3360
1,12772
1,13466
1,10152
0,29548
1,2133
1,13266
1,11524
1,5240
1,3207
1,23837
1,3212
1,19027
0,25367
1,18334
1,24616
1,24647
1,1325
1,15174
1,9044
1,24745
1,24582
1,16324
1,27727
1,826
1,9889
1,5303
1,4379
1,5194
1,318
1,22967
1,26932
1,27687
1,24362
1,7214
1,11779
1,5437
1,29485
1,15089
1,372
1,23398
1,26654
1,23306
1,18695
1,8908
1,15144
1,9509
1,9625
1,15564
1,21649
1,2528
1,24071
1,4677
1,4009
1,11695
1,19936
1,24191
1,19484
1,54
1,20887
1,10200
1,7379
1,27587
1,6105
1,19632
1,19222
1,12110
1,27220
0,13962
1,28919
1,2234
1,29912
1,17207
1,3383
1,20773
1,29794
1,28552
1,14057
1,4414
1,29505
1,20856
1,1506
1,25116
1,17710
1,17090
1,2546
1,13765
1,25393
1,9707
1,8685
1,22893
1,13147
1,1858
1,7625
1,20366
1,5462
1,13453
1,1025
1,19026
1,12258
1,17130
1,14752
1,9252
1,13814
1,20106
1,9553
1,22319
1,29109
1,3012
1,14050
1,2978
1,12841
1,5781
1,16379
1,15513
1,11617
1,22798
1,775
1,5600
1,932
1,8353
1,28258
1,13369
1,21144
1,4895
1,11298
1,25531
1,11830
1,5615
1,1566
1,17243
1,18488
1,5953
1,29393
1,9313
1,27929
1,8771
1,22143
1,10543
1,20749
1,12254
1,28713
1,29470
1,20573
1,6562
1,8676
1,12965
1,10125
1,10013
1,6062
1,6737
1,14632
1,23467
1,13451
1,29573
0,4409
1,18317
1,22064
1,19580
1,12451
1,19302
1,6532
1,7262
1,18044
1,26269
1,8864
1,8241
1,21713
0,15549
1,21532
0,12865
1,1840
1,25734
1,18194
1,964
1,10346
1,4062
1,27891
1,24314
1,26317
1,27671
1,6668
1,4025
1,10817
1,22626
1,18071
1,16745
1,27695
1,13189
1,12392
1,5780
1,12950
1,4857
1,3376
1,20161
1,21933
1,8371
1,14943
1,20700
1,2473
1,24685
1,22536
1,18325
1,17072
0,10895
1,22565
1,15157
1,4563
1,10313
1,4
1,18359
1,28048
1,20256
1,13771
1,28533
1,27756
1,25721
1,11372
1,24529
1,25600
1,6699
1,19022
1,387
1,147
1,23076
1,2292
1,8470
1,22737
1,19098
1,4694
1,6983
1,28742
1,13717
1,595
1,22823
1,8532
1,22385
1,24163
1,16526
1,10605
1,10360
1,10980
1,8401
1,2004
1,93
1,6429
1,14583
1,17262
1,11775
1,15300
1,27396
1,12741
1,1766
1,22179
1,10290
1,11875
1,5110
1,11614
1,5507
1,21526
1,20811
1,26295
1,25169
1,16409
1,21836
1,2809
1,27065
1,5910
1,9117
1,23549
1,23440
1,22588
1,6318
1,7687
1,28541
1,12644
1,16156
1,7064
1,18728
1,29335
1,19514
1,10854
1,19923
1,10401
1,12588
1,18671
1,26519
1,20180
1,29594
1,18449
1,17480
1,23884
1,4384
1,671
0,29624
1,22532
0,6433
1,19109
1,10153
1,4833
1,502
1,25097
1,29778
1,22696
1,2698
1,20329
1,11832
1,16427
1,12615
1,5579
1,14092
1,10743
1,22316
1,28704
1,28392
0,24167
1,27214
1,16781
1,17187
1,13801
1,21155
1,20461
1,16035
1,897
1,9988
1,24480
1,21773
1,4050
1,21112
1,25652
1,27416
1,14973
0,2435
1,5674
1,7502
1,14418
1,2271
1,24904
1,19209
1,20390
1,11798
0,14359
1,21716
1,5809
1,19189
1,17714
1,7648
1,24200
0,6012
1,6461
1,28970
1,5733
1,4246
1,10026
1,7038
1,16428
1,23004
1,1534
1,22404
0,11202
1,4335
1,27640
1,7113
1,21291
1,27066
1,15879
1,12558
1,3146
1,20291
1,6099
1,13436
1,13758
1,27883
1,3795
1,24103
1,14061
1,29759
1,19563
1,17295
1,2621
1,7466
0,1823
0,4934
1,15260
1,21497
1,28955
1,28718
1,3362
1,7736
1,5031
1,2276
1,800
1,28792
1,2787
0,9583
1,22006
1,22906
1,14450
1,14525
1,10476
1,860
1,11497
1,1776
1,23103
1,28736
1,21141
1,13698
1,13795
1,4706
1,10989
1,23757
1,22943
1,2448
1,6248
1,4155
1,435
1,11460
1,20822
1,12385
1,3076
1,23313
1,23482
1,17649
1,11600
1,13820
1,3051
1,6831
1,2374
1,29125
1,392
1,27109
1,1705
1,18667
1,29730
1,21737
1,9556
1,459
1,22616
1,11572
1,21014
1,8343
1,578
1,29383
1,9596
1,11171
1,17723
1,23182
1,3677
1,28747
1,18218
1,19781
1,27128
1,21307
1,18576
1,28254
1,26866
1,13156
1,3443
1,9800
1,28611
1,11578
1,10969
0,14471
1,9169
1,7411
1,23219
1,25150
1,24028
1,21481
1,20616
1,14719
1,15992
0,23742
1,20944
1,26257
1,14257
1,29161
1,10979
1,12693
1,28630
1,24458
1,15582
1,15380
1,15516
1,4218
1,1916
1,22875
1,23238
1,18511
1,29094
1,11160
1,6796
1,9402
1,29433
1,9991
1,16214
1,14755
1,17738
1,3167
1,29813
1,22870
1,6459
1,4411
1,858
1,28900
1,9764
1,9720
1,5277
1,8123
1,14230
1,10205
1,18691
0,20119
1,16844
0,1889
1,27490
1,9565
1,8703
1,29650
1,26909
1,16973
1,4097
1,9896
1,1283
1,10319
1,20678
1,683
1,8217
1,19870
1,59
1,18683
1,20707
1,19874
1,27282
1,21119
1,18244
1,1109
1,2142
1,5273
1,5250
1,9034
1,22281
1,23772
1,2218
1,7580
1,27460
1,9726
1,28780
1,237
1,19685
0,11963
1,28007
1,864
0,12550
1,25768
1,13440
1,4221
1,26369
1,24719
1,29413
1,17785
1,22624
1,9426
1,13421
1,16464
1,2390
1,20070
1,20713
0,8300
1,28994
1,20991
1,9998
1,14630
1,5239
1,46
1,16969
1,13757
1,13972
1,12390
1,10241
1,26984
1,6837
1,3418
1,9050
1,25586
1,8742
1,9694
1,23767
1,22973
1,26398
1,2892
1,21878
1,22009
1,27035
1,13809
1,10612
1,9731
1,17503
1,25250
1,9627
1,25816
1,8857
1,23074
1,19794
1,24825
1,9623
1,5338
1,28791
1,10050
1,20595
1,15808
1,29306
1,28057
1,12405
1,2395
1,2502
1,8431
1,5495
1,22521
1,5700
1,2597
1,21065
1,28378
1,200
1,22835
1,1939
1,7582
0,11256
0,2262
1,10323
1,18770
1,310
1,14394
1,22913
1,14887
1,1810
1,19420
1,17296
1,16832
1,20179
1,22484
1,7513
1,28018
1,12120
1,21084
0,23053
1,17746
1,2532
1,10787
1,29824
1,1849
1,7209
1,27206
1,6938
1,26551
1,13639
1,17931
1,29149
1,11921
1,21741
0,22964
1,9077
1,3483
1,27159
1,7989
1,26396
1,11329
1,29859
1,6103
1,861
1,3961
1,24622
1,1052
1,19819
1,837
1,13340
0,27874
1,23689
1,4248
1,25237
1,5413
1,4946
1,15241
1,11579
1,27809
1,13754
1,4041
1,5947
1,28077
1,12937
1,21914
1,15983
1,21521
1,17731
1,29611
1,6654
1,24698
1,9634
1,18787
1,383
1,20389
1,18636
1,29774
1,18631
1,11185
1,16997
1,14506
1,19655
1,16255
1,15145
1,8349
1,3780
1,24601
1,19092
1,22248
1,4046
1,5327
1,24782
1,3240
1,21567
1,20159
1,9733
1,28806
1,14810
1,7894
1,12156
1,19631
1,9472
1,22969
1,16801
1,20392
1,13034
1,27757
1,2322
1,11744
1,28410
1,9624
1,1957
1,21740
1,312
1,26248
1,9581
1,16463
1,11886
1,16465
1,16615
1,24442
1,29095
1,16151
1,3072
1,13646
0,29841
1,13685
1,12273
1,21299
1,7747
1,3490
1,8546
1,8494
1,13284
1,12785
1,14260
1,8890
1,26099
1,2048
1,4963
1,27463
1,12364
1,627
1,23410
1,21360
1,28902
1,17654
1,4702
1,28153
1,21409
1,28716
1,5678
1,23332
1,14964
1,28748
1,3913
1,4617
1,8796
1,16454
1,1473
1,23554
1,7903
1,17772
1,27752
1,21905
1,21108
1,12538
1,17945
1,11987
1,12559
0,739
1,20248
1,14339
1,16995
1,11704
1,22485
1,2671
1,20894
1,13769
1,9190
1,7957
1,29155
1,27566
1,8465
1,3767
1,19776
1,13572
1,29670
1,20795
1,20719
1,25467
1,1290
1,18873
1,23806
1,16928
1,17475
1,1399
1,4584
1,6443
1,18234
1,2397
1,4605
1,4823
1,21018
1,4550
1,550
1,11683
1,13633
1,24179
1,22391
1,12384
1,17548
1,19959
1,17334
1,2270
1,10082
1,11958
1,24534
1,15222
1,29218
1,16626
1,27908
1,15416
1,11586
1,15455
1,21043
1,27525
1,23386
1,3183
1,11905
1,6284
1,25425
1,27692
1,26768
1,9819
1,7485
1,14919
1,16704
1,25948
1,8035
1,13146
1,13191
1,29108
1,16757
1,10679
1,19806
1,15505
1,944
1,24604
1,7305
1,9237
1,19992
1,2598
1,20270
1,19114
1,20422
1,6545
1,27475
1,11195
1,26403
1,23667
1,17959
1,1490
0,28555
1,6932
1,3401
1,16283
1,13893
1,2875
1,19964
1,832
1,15708
1,10085
1,14194
1,14451
1,10560
0,23399
1,3222
