id,profit
5195,6.491367340087891
6540,-16.562820434570312
3606,-5.014774799346924
8514,2.643465757369995
6893,7.292481899261475
1936,-23.41556167602539
1593,-16.14592933654785
8245,12.342777252197266
4178,-35.36471939086914
3369,5.752228260040283
5672,18.35920524597168
2238,6.406679153442383
4681,0.7555223703384399
1340,-344.03253173828125
8973,10.496832847595215
8153,44.365665435791016
6162,6.650239944458008
7671,2791.53466796875
1506,84.35511779785156
2606,34.838050842285156
8515,24.88897132873535
2373,15.023512840270996
8749,0.10910660028457642
8065,3.371368408203125
634,-17.508630752563477
6431,157.498046875
9867,9.474845886230469
4724,8.385442733764648
6604,7.452165603637695
2870,10.39093017578125
6519,5.530184745788574
9438,5.198704719543457
1333,23.9179744720459
138,45.46783447265625
3265,34.65660095214844
8121,5.203130722045898
8082,23.397308349609375
690,-1320.4093017578125
4321,8.915590286254883
2980,1.7870633602142334
6667,917.12738037109375
870,5.409345626831055
150,59.69092559814453
2372,25.55491828918457
216,1.2170774936676025
3558,-7.915992736816406
4473,4.9578399658203125
8085,42.926849365234375
8769,1.726823329925537
9182,292.51910400390625
4582,-11.207366943359375
3867,185.0534210205078
7818,25.59412956237793
6693,75.95116424560547
7197,-1.6516618728637695
285,-57.70857620239258
1196,24.389026641845703
355,-10.946554183959961
3765,430.2535400390625
8511,-30.35577392578125
2056,10.698738098144531
6241,3.0450265407562256
654,1.4904459714889526
5485,5.315135478973389
133,11.51303482055664
927,420.1741943359375
670,-3.7982077598571777
6310,-325.6423645019531
5047,201.20335388183594
59,22.444869995117188
1030,10.753737449645996
933,-2.8812437057495117
6244,1.108976125717163
2493,7.769136905670166
3981,6.478246688842773
5518,3.914780616760254
1900,63.43450164794922
8182,24.185930252075195
3562,34.74263381958008
966,3.0270705223083496
9328,-100.2618179321289
9562,6.733010768890381
7212,9.730549812316895
1453,17.08125114440918
455,10.704833030700684
8391,22.07146453857422
2361,4.583614826202393
8089,1.620314598083496
9459,-43.19021987915039
9168,-11.311623573303223
5615,-624.30718994140625
6116,78.79170227050781
8483,66.320526123046875
1063,10.253114700317383
1541,1.9268100261688232
1930,-4.880377769470215
5946,29.64335060119629
1919,-48.494625091552734
9960,15.590688705444336
12,23.22280502319336
8200,49.05781936645508
1972,6.395915508270264
6069,-1.2219897508621216
9514,3.6558384895324707
3605,-17.329208374023438
2065,46.11524200439453
4602,4.523564338684082
5640,2.0735244750976562
6387,8.580330848693848
643,-44.31483840942383
577,0.8776689171791077
5986,4.857767581939697
9429,2.303497076034546
4816,1.4033384323120117
8014,34.071048736572266
6691,29.10078239440918
4260,78.8266372680664
4932,7.083021640777588
9952,67.86119079589844
5423,-0.37617528438568115
153,11.672049522399902
2898,57.80253219604492
710,6.068158149719238
6995,-31.027904510498047
8389,5.624215602874756
4975,7.829684734344482
4208,0.39315173029899597
4967,-2.2839083671569824
7831,3.9709277153015137
8338,-4.0649895668029785
5556,-4.125633716583252
567,-29.814451217651367
7201,4.431105613708496
8994,5.548575401306152
8979,14.65895938873291
7978,17.279123306274414
5463,-1.637254238128662
6064,36.53831481933594
9359,8.640417098999023
2347,5.6217498779296875
1629,190.6444854736328
6625,21.776901245117188
9475,8.117950439453125
8229,7.955633163452148
5684,4.01508903503418
1982,6.883561611175537
7683,125.0650863647461
2295,-85.676422119140625
1497,36.53831481933594
9907,5.3935627937316895
7397,-20.514080047607422
8955,-22.164783477783203
6308,-1.2012654542922974
3489,53.15494918823242
2726,-2.3824479579925537
903,161.71444702148438
802,694.84588623046875
1789,-0.5679359436035156
6416,5.062871932983398
8660,5.203130722045898
6373,2.3108673095703125
4771,-4.3662543296813965
7994,25.493391036987305
7851,9.846879959106445
782,-210.1497039794922
4498,5.443329811096191
1261,10.156282424926758
8222,50.85881423950195
3546,2.7331244945526123
1114,17.477144241333008
862,-5.24360990524292
9309,4.85237455368042
2395,38.229183197021484
876,23.69406509399414
6238,9.790132522583008
1330,-14.314899444580078
7655,-6.176628589630127
9517,3.0529394149780273
6246,-7.776086807250977
5603,2.9822733402252197
5700,21.270572662353516
6795,-45.02833557128906
7749,60.2325439453125
8638,-4.666772365570068
322,-41.483543395996094
198,4.744845390319824
1125,8.074220657348633
4052,-45.11216735839844
8944,-22.37455940246582
1147,-51.458717346191406
2532,20.363262176513672
4109,82.39665222167969
9163,5.445425510406494
6227,3.068131923675537
1524,289.1424255371094
9787,17.592369079589844
4168,-25.9886474609375
6766,45.611358642578125
3350,26.84911346435547
4192,-6.892509937286377
7808,0.2750272750854492
2289,-304.1451416015625
8962,3.1569368839263916
2854,-77.03892517089844
9410,14.70110034942627
469,-23.670549392700195
8772,3.170125722885132
7988,4.2887773513793945
2650,11.560552597045898
6087,2.905728816986084
4819,15.643416404724121
1772,5.229341983795166
3278,171.24371337890625
1968,5.301088809967041
8207,3.6687657833099365
8456,-5.95487642288208
7439,35.97927474975586
2202,-377.2557373046875
6951,-0.06992113590240479
4634,-1.0802830457687378
4085,-10.527519226074219
2351,6.282161712646484
3615,9.728147506713867
2456,2.47898268699646
2933,-130.17193603515625
7330,54.834007263183594
2275,0.6193907856941223
3861,2.439000129699707
951,8.642842292785645
5032,-75.38883972167969
2682,90.99182891845703
2727,29.959068298339844
4199,6.355869770050049
7139,-109.99169921875
3530,456.6470031738281
7137,2.8763296604156494
2259,12.109594345092773
336,-36.77152633666992
5222,-1.4041531085968018
3995,238.80587768554688
8492,0.9459414482116699
623,-3.4868242740631104
3180,-32.80166244506836
7019,7.751284599304199
7497,-5.716261386871338
6936,10.220084190368652
6884,7.437863349914551
2959,29.647966384887695
3247,4.122836112976074
1535,5.753395080566406
3899,-83.5359878540039
4850,-4.246201038360596
4367,38.760765075683594
725,-1921.1710205078125
7325,40.43637466430664
6737,-106.99945831298828
3523,1.4711178541183472
3708,3.7973194122314453
9756,-13.044136047363281
4165,7.549545764923096
4561,23.689289093017578
9538,4.3369340896606445
6126,-8.972209930419922
7643,9.263060569763184
6913,1.6564407348632812
6978,4.499524116516113
9715,0.5424027442932129
2783,-3.8243651390075684
3971,-422.28302001953125
8372,-17.93381118774414
7666,4.297213554382324
5829,167.43650817871094
8771,53.39820861816406
4271,4.743980407714844
5285,-4.69910192489624
4566,-27.20937156677246
8431,9.748624801635742
8921,4.9578399658203125
6195,1.403876781463623
8134,1.825744390487671
4827,41.764366149902344
5371,5.560207843780518
6352,6.611575603485107
8574,4.955158233642578
9373,26.671939849853516
4983,369.373779296875
6511,13.636513710021973
9741,-61.49197006225586
9833,6.147287845611572
8295,-3.76554536819458
5877,136.24742126464844
3281,-33.762428283691406
2533,3.2339720726013184
3124,10.522782325744629
8158,13.821621894836426
8789,7.238649845123291
6637,2.0048375129699707
8320,-56.023643493652344
3675,9.8023529052734375
7320,36.946868896484375
940,3.1340649127960205
7302,15.602804183959961
3641,29.645416259765625
9680,5.7194013595581055
586,6.731086730957031
5209,-0.7354217767715454
9063,-4.125633716583252
8972,2.7331244945526123
146,15.630118370056152
4987,6.658102512359619
295,1.7195498943328857
2424,174.8813018798828
2982,1.6229530572891235
2371,0.37790659070014954
5666,4.857767581939697
9138,1.9842779636383057
6924,-2.553823947906494
9357,5.544067859649658
8963,3.997008800506592
5282,-23.557693481445312
8721,41.52180862426758
5750,-5.95487642288208
649,97.8108901977539
3427,15.509716987609863
7494,16.271499633789062
2648,-35.330081939697266
3942,45.922203063964844
6512,22.14307975769043
6289,23.270729064941406
4545,-114.87132263183594
5204,-92.077484130859375
1643,6.95527458190918
9132,6.494307518005371
4106,-3.898709774017334
4438,-11.57721996307373
131,-58.036006927490234
4880,5.068408489227295
5798,35.66920852661133
4229,0.7413596510887146
4700,55.880985260009766
1172,-1.4083425998687744
9336,62.587154388427734
160,8.589630126953125
6720,3.0356194972991943
693,481.3548889160156
7857,-585.9915771484375
3271,-1.9554986953735352
8559,4.975488662719727
8012,310.2685852050781
5491,5.202601909637451
9244,5.639434814453125
5908,1.6732311248779297
7449,8.23001480102539
5652,-210.95008850097656
3304,-0.2920445203781128
8728,6.408058166503906
8906,5.208521842956543
4572,-4.470321178436279
5787,-50.1540412902832
3080,2.5385048389434814
2642,18.596656799316406
9581,8.812752723693848
8562,14.384360313415527
6873,4.295097351074219
1341,15.894119262695312
5179,34.65476989746094
9209,8.857553482055664
5157,3.4392192363739014
6535,5.3145222663879395
2458,66.03240203857422
2481,75.20439910888672
1187,6.615708827972412
6970,-11.136234283447266
180,18.46549415588379
7645,-10.985800743103027
8829,-1.4480350017547607
8249,5.4377007484436035
3818,29.4016056060791
7663,-63.549842834472656
6306,1.4816367626190186
9134,7.032350540161133
6739,134.22901916503906
2036,1.732119083404541
4800,20.161134719848633
7723,22.045663833618164
163,10.3875093460083
4920,1.7610447406768799
9253,-17.67886734008789
5357,7.897609233856201
646,-56.832557678222656
9737,29.09317970275879
1445,16.018482208251953
281,-5.364593029022217
2579,15.990543365478516
8203,-5.225961685180664
1612,-76.01082611083984
9755,6.729502201080322
6478,-8.009676933288574
9851,27.827228546142578
6114,12.892268180847168
4622,-1.2888312339782715
5332,24.380001068115234
6774,83.62042236328125
5484,7.046156406402588
3352,13.186914443969727
1284,12.88060188293457
3176,-10.188911437988281
9483,-10.636841773986816
9759,6.452168941497803
1867,2.6213791370391846
5113,-3.703382968902588
5631,21.575416564941406
9224,42.50210189819336
6785,2.0904250144958496
9962,-21.436145782470703
7276,11.384830474853516
9473,65.58488464355469
9799,-10.817728042602539
7096,4.0365800857543945
5363,5.51277494430542
9987,-3.4476797580718994
9831,7.734151840209961
4881,7.497840404510498
990,23.592891693115234
886,6.362485885620117
3592,10.976638793945312
8292,9.715505599975586
866,60.884525299072266
6712,7.083021640777588
4820,65.61646270751953
4599,4.088991641998291
8851,-1151.854736328125
9193,19.10327911376953
369,114.49225616455078
4783,2.779358386993408
3067,4.34306001663208
9269,4.378541469573975
7422,-30.74355125427246
7589,4.8075385093688965
3634,18.32181739807129
6296,-3.9642529487609863
6958,10.978354454040527
3317,-1.3411529064178467
6990,14.68774127960205
3401,-6.371960163116455
329,5.062378406524658
8208,-26.269384384155273
7798,25.246562957763672
2905,56.73137283325195
8147,36.286285400390625
2305,49.72834777832031
3728,20.403709411621094
9860,66.75836944580078
1139,-13.114228248596191
2404,20.012617111206055
6887,155.822265625
1238,-69.28639221191406
7903,186.8074951171875
5470,12.788834571838379
1773,1.9036314487457275
9856,5.198704719543457
8818,1.5178449153900146
1895,16.364276885986328
855,102.48150634765625
5778,-21.546571731567383
3379,641.68743896484375
2140,-246.56629943847656
722,-40.835472106933594
9542,1.0795807838439941
937,3.394397497177124
8364,0.5864769220352173
5717,8.165342330932617
4894,4.342634201049805
2602,6.489421367645264
4185,9.357182502746582
9221,80.86890411376953
2154,11.908341407775879
2108,1.8359910249710083
1026,3.9356167316436768
8324,6.738934516906738
1666,-45.20193862915039
8735,7.919342994689941
547,5.203130722045898
9263,4.947425842285156
5427,1.5586183071136475
7030,16.49359130859375
28,-1.9492595195770264
850,2.506331443786621
8582,51.089088439941406
2105,5.723870277404785
3659,8.478799819946289
4900,16.477018356323242
2020,7.611227512359619
9501,68.18943786621094
2496,-1.5968587398529053
2715,441.27557373046875
8992,-66.33184814453125
8613,12.214313507080078
4553,-36.33456039428711
2466,1.4128127098083496
8070,0.6752734184265137
8345,-14.335545539855957
4145,23.095508575439453
2166,5.445206642150879
7873,2.6273140907287598
9819,1.912145733833313
46,2.1825144290924072
8435,25.729990005493164
4725,161.3008575439453
5462,18.29726791381836
2304,27.5185546875
1894,-46.13805389404297
2245,61.35689926147461
451,53.84880065917969
38,10.942742347717285
6885,2.700637102127075
6655,5.1522650718688965
7853,5.664521217346191
1761,131.14056396484375
3703,5.651244163513184
5145,-136.1122589111328
7149,0.7888319492340088
7310,-4.325859546661377
2185,75.37480163574219
795,1.2625575065612793
2811,64.178375244140625
4218,-1.2716091871261597
8618,-16.97212028503418
3268,30.02128028869629
5408,7.983648300170898
9041,-23.403554916381836
1720,-41.329322814941406
5815,8.609846115112305
50,13.917619705200195
4756,-0.30030906200408936
5111,11.28275203704834
6186,6.787071704864502
8480,6.587561130523682
5716,16.298797607421875
9107,24.00848960876465
9958,-27.500085830688477
4941,36.951377868652344
9028,128.3477783203125
3097,-0.0226438045501709
6882,2.8700101375579834
6791,5.465251445770264
7865,1.403876781463623
6175,4.5716071128845215
1090,12.841229438781738
1016,2.805661201477051
3815,225.92459106445312
137,-131.5887451171875
505,690.4207763671875
4080,-59.95524597167969
3375,19.87104034423828
9800,213.6219940185547
19,1.8371514081954956
9724,9.730549812316895
1571,-46.33990478515625
4276,2.8623292446136475
4046,1.820578932762146
7125,-31.71814727783203
4019,208.31405639648438
2954,-3.9140238761901855
4041,5.985270977020264
9882,8.189336776733398
9285,12.311515808105469
5977,62.33028030395508
2208,-0.1434851884841919
5675,-0.8504362106323242
6938,-3.76554536819458
4237,8.17459774017334
9059,10.64889907836914
3231,-4.16665506362915
6295,-33.458499908447266
2645,27.250713348388672
9775,23.609533309936523
9610,9.455500602722168
9276,-15.667383193969727
6285,-157.60682678222656
6601,21.89436912536621
3125,-23.05986213684082
7216,135.7134246826172
3028,78.57386016845703
3316,-10.856972694396973
4164,35.24225997924805
9082,3.115823745727539
2876,10.595999717712402
7002,-14.206023216247559
3164,37.239219665527344
6837,11.962940216064453
6742,27.239931106567383
6564,6691.205078125
7696,256.3888244628906
1222,3.9392952919006348
3672,2.092855930328369
1075,5.85045051574707
3775,8.607962608337402
5528,49.62619400024414
5158,34.30757141113281
4745,12.030083656311035
8360,7.901553153991699
539,-39.13075256347656
5435,1.132198691368103
8855,-9.522234916687012
2847,410.2430419921875
4637,4.417233467102051
3517,0.027103930711746216
4966,21.09242820739746
7592,5.534864902496338
6055,-1.527313470840454
9594,14.865155220031738
9388,-1.0187463760375977
811,57.258880615234375
3274,110.76265716552734
8959,2.6434311866760254
2741,-19.803089141845703
8719,17.145299911499023
7832,7.288500785827637
1884,2.1825144290924072
5912,3.9973204135894775
9439,1.8542730808258057
1981,303.28521728515625
524,0.4840261936187744
8587,30.111690521240234
9659,12.370465278625488
4070,4.396429538726807
9288,30.7586727142334
2581,-4.575524806976318
4726,97.03472900390625
5438,-2.395338773727417
239,67.044464111328125
9105,-45.27915573120117
7869,3.2197718620300293
8176,17.306039810180664
9684,-1497.66650390625
8610,8.59788990020752
5340,6.196242809295654
9909,5.367680072784424
6314,29.011760711669922
2492,5.063243389129639
4600,20.093570709228516
1582,-0.4671984910964966
7998,4.20997428894043
9825,-616.09674072265625
53,52.11459732055664
6846,6.3301167488098145
9345,3.7865538597106934
4356,3.1895322799682617
4302,4.292095184326172
399,3.877800226211548
1178,13.113590240478516
8980,8.678046226501465
3022,-23.261489868164062
2948,4.923320293426514
9582,-111.53324127197266
2386,-6.300785541534424
6456,20.980043411254883
9468,124.30271911621094
3308,60.4122314453125
3935,6.548840522766113
1235,3.2587897777557373
540,0.5385324954986572
3824,5.709235668182373
7152,5.619843482971191
9515,-4.380662441253662
1297,2.4434924125671387
786,14.99635124206543
7098,3.213200330734253
6796,-9.867597579956055
2400,18.771041870117188
7763,9.485372543334961
1450,9.789680480957031
3486,68.0593490600586
7286,413.3782958984375
1668,3.34305477142334
7794,63.71255874633789
1013,2.816070079803467
9126,-0.028355717658996582
8924,14.044136047363281
5832,12.4578218460083
3155,4.391233921051025
6212,4.9131317138671875
9458,-6.806241512298584
4033,52.97550964355469
2611,0.0493772029876709
2416,73.39710998535156
6313,2.571150302886963
7942,3.82603120803833
972,269.1277770996094
3013,2.307398796081543
1082,2.6397833824157715
6616,18.687116622924805
5215,19.29121971130371
2214,141.84979248046875
6650,-3.8243651390075684
3224,2.9146363735198975
6392,4.731391906738281
6780,-6.176628589630127
6155,4.565695285797119
2688,-44.511173248291016
5807,10.628917694091797
9472,8.358049392700195
7849,2.0998735427856445
9260,415.640625
9007,7.282569408416748
2749,0.7901039123535156
9988,-65.3033676147461
5361,1.9752554893493652
4833,46.253273010253906
4013,11.675962448120117
4312,80.80938720703125
7868,36.945560455322266
5764,-0.09635233879089355
8348,4.290579795837402
7192,7.800107955932617
2131,-21.57470703125
7213,3.472046136856079
9826,48.61779022216797
6405,25.306385040283203
20,5.126537799835205
165,4.612846851348877
843,10.076193809509277
8892,16.29004669189453
784,106.15763092041016
9225,8.509294509887695
7391,27.953786849975586
5564,120.75623321533203
1446,8.620534896850586
7222,3.818634033203125
9141,2.5984017848968506
9491,12.802102088928223
4138,32.73488235473633
583,-8.71650505065918
4381,4.947425842285156
3762,-20.086715698242188
4111,5.244823932647705
5086,6.393240928649902
6571,48.0781364440918
9573,6.268352031707764
7934,1.9268100261688232
1077,1.776261806488037
9,53.50522232055664
4847,33.21562194824219
8718,6.108992099761963
4120,12.0485200881958
8318,3.294231414794922
213,23.581575393676758
3870,2.2400259971618652
6812,3.4640369415283203
429,1.3240511417388916
5495,1.4528484344482422
8989,-5.099559307098389
2116,15.279149055480957
2704,298.4697570800781
615,97.6923828125
2303,6.492311477661133
5830,8.089801788330078
1072,-10.975310325622559
2332,1.9377648830413818
2423,0.9837414026260376
3205,5.868711471557617
5119,-11.270109176635742
9656,31.339582443237305
639,100.81206512451172
5143,16.08062171936035
5069,5.9461565017700195
2190,5.798898696899414
4249,15.277267456054688
2725,3.1500587463378906
3199,22.626354217529297
861,5.6597490310668945
1389,18.454694747924805
2900,6.891751289367676
5613,-3.8493881225585938
6225,4.17275857925415
9519,6.908053874969482
5648,25.34952163696289
9560,24.35377311706543
8281,8.510905265808105
1636,56.7738151550293
6807,14.523001670837402
6547,-0.48531079292297363
6178,-1.2012654542922974
5987,141.70802307128906
2117,4.521015167236328
1113,-4.0649895668029785
1437,-5.783701419830322
9750,100.23350524902344
8062,33.56308364868164
8433,-12.014143943786621
7604,5.203130722045898
8712,4853.68896484375
5073,43.36213302612305
5331,0.3540439009666443
8393,-1.2909244298934937
7977,2.176152467727661
858,5.390297889709473
1246,-176.01126098632812
2601,4.5859246253967285
2031,5.777808666229248
6615,8.751652717590332
3384,-8.83748722076416
178,2.9929656982421875
1688,104.76048278808594
6989,6.464844703674316
647,62.31902313232422
4705,6.663224697113037
6210,1.8683736324310303
225,28.314544677734375
7056,75.56452941894531
8709,-0.7322602272033691
1206,5.588253498077393
6278,-3.9302659034729004
923,250.10128784179688
7032,5.062871932983398
7974,11.111082077026367
1931,-20.347015380859375
2254,8.926904678344727
6275,1.501970648765564
7557,17.186105728149414
7389,13.835010528564453
7620,13.812797546386719
8138,316.3001708984375
1542,2.0916969776153564
794,21.1396427154541
4782,-1.2219897508621216
6113,68.57142639160156
298,4.144326686859131
9493,3.9155969619750977
4787,5.594744682312012
1037,45.695003509521484
1575,61.32762145996094
8119,44.471126556396484
6457,5.588253498077393
2355,-24.766504287719727
6945,2.416672706604004
7443,8.75217056274414
2564,10.41500473022461
9682,6.611575603485107
1336,1.725757122039795
3385,367.2890930175781
8296,-99.17400360107422
9240,3.928948402404785
3753,-15.158943176269531
3089,-5.9898247718811035
3888,-1.4569706916809082
6472,194.1200408935547
1633,-306.7542419433594
3447,3.788257122039795
824,-13.6187162399292
1886,4.569881439208984
2457,35.37187576293945
7789,102.04793548583984
3806,7.575667858123779
5546,-6.327782154083252
2605,-43.008514404296875
5870,26.464107513427734
3952,33.29135513305664
9413,36.00433349609375
4362,-581.8572998046875
4324,-43.32085418701172
4609,2.477419137954712
1528,93.62688446044922
9463,22.184001922607422
3648,-87.2899398803711
9227,3.4614806175231934
5494,6.264543533325195
7084,202.1961669921875
1743,-36.56272888183594
3571,-1580.7733154296875
6102,6.494331359863281
9032,8.820886611938477
45,8.369691848754883
5766,-23.7239933013916
2128,-17.093101501464844
2701,122.66361236572266
7502,4.311190605163574
2908,5.394010543823242
9241,64.26953125
4617,4.857767581939697
5576,4.440328598022461
8621,6.268352031707764
4447,2.4442639350891113
8084,-17.58869171142578
3885,4.728275299072266
961,8.8031768798828125
4918,9.836808204650879
100,2.0550665855407715
8476,7.136852264404297
2508,-9.656957626342773
6829,52.43608474731445
6634,14.790107727050781
7579,1318.4886474609375
1084,6.023801326751709
1438,-10.361472129821777
1173,-4.611807823181152
3642,2.070342540740967
2126,-14.152968406677246
6782,-48.86003494262695
9426,21.135848999023438
1250,17.516809463500977
2359,1.776261806488037
4456,69.957183837890625
9101,8.779228210449219
9951,158.94912719726562
2633,50.74257278442383
3309,65.79289245605469
4005,-159.5638885498047
9421,58.088722229003906
7829,-3.6652331352233887
5166,5.534127235412598
4588,1.9752554893493652
5348,10.85775375366211
3256,45.060150146484375
4320,1338.101806640625
2675,1.6455296277999878
5277,-1.3506208658218384
2409,5.282129764556885
8145,72.6548843383789
2479,5.767467498779297
5887,-45.62931823730469
3720,8.38524055480957
1955,11.513092994689941
2971,8.892830848693848
4226,5.890931606292725
6809,13.712624549865723
945,19.5694637298584
5800,9.732463836669922
8074,6.213224411010742
3699,11.204133987426758
1649,1.7150092124938965
3279,8.519624710083008
9530,0.577410101890564
7520,0.8917213678359985
9843,-3.1369502544403076
2475,4.614121437072754
3236,4.347442626953125
7109,-38.68785095214844
188,51.51530075073242
6541,-1.8800022602081299
125,4.316745758056641
438,8.5962677001953125
4691,2.932704210281372
7136,3.4809086322784424
1731,-17.508630752563477
1321,22.729049682617188
2344,5.838068008422852
3456,8.40602970123291
7260,10.1579008102417
655,6.367464065551758
5718,-158.01849365234375
3922,15.188304901123047
1050,4.311283588409424
4162,8.80852222442627
2777,5.431308269500732
1741,92.45457458496094
2597,-48.887332916259766
3892,-32.00648498535156
6781,-178.39581298828125
6438,19.80545997619629
1723,-32.16487121582031
9623,6.553769588470459
1382,1.293673038482666
8956,33.12137985229492
4885,263.48126220703125
6821,18.576351165771484
4317,67.08985137939453
8128,-58.75858688354492
2463,-4.052587032318115
7241,13.919371604919434
7629,83.02355194091797
6830,2.0013227462768555
5520,10.912521362304688
9942,15.71988582611084
3302,3.9512782096862793
5154,16.210033416748047
4286,4.927653789520264
2389,14.621920585632324
8661,221.45774841308594
8606,-149.187744140625
9521,5.585312843322754
4923,3.568687915802002
2786,-36.78440856933594
5060,-597.01708984375
321,-422.9278259277344
9321,0.4544574022293091
4662,5.967938423156738
1711,1.118269920349121
8216,16.58065414428711
1185,52.870765686035156
2672,53.35220718383789
6104,59.124244689941406
4319,-10.527519226074219
7227,-7.139212131500244
503,9.287797927856445
5804,49.1590690612793
8022,-55.42266845703125
2015,-1.0908701419830322
65,3.504068613052368
7419,3.154343843460083
6471,7.965915679931641
4210,-51.47309875488281
4861,3.623943328857422
9018,-0.6692429780960083
3000,14.134237289428711
1032,39.51699447631836
5942,8.239398956298828
5172,34.409812927246094
4063,-13.529058456420898
2555,5.135256290435791
4089,188.740478515625
8813,22.42351531982422
7070,5.64741849899292
4191,22.021961212158203
7249,12.071040153503418
8601,17.400104522705078
1396,11.68649673461914
1328,-8.961132049560547
1868,9.671960830688477
5891,7.497323989868164
2970,8.0222930908203125
5344,3.064685106277466
33,2.7354423999786377
4267,56.044498443603516
5559,34.17060470581055
6518,5.304006576538086
4247,-947.00347900390625
8304,-19.8406982421875
5084,10.136301040649414
2893,2.3205246925354004
4667,-45.88246154785156
1742,3.860245704650879
4087,4.780004501342773
8871,26.100563049316406
1802,5.613507270812988
5278,12.659464836120605
4300,114.2922134399414
3024,3.9382636547088623
7396,2.477419137954712
1813,8.631339073181152
2994,-15.896934509277344
2807,2.0876576900482178
4240,-42.85570526123047
3197,-2.045156955718994
2708,-34.1981086730957
2958,16.8909969329834
8032,16.79158592224121
5587,4.859032154083252
2219,13.439809799194336
3580,7.4985198974609375
7159,6.614336967468262
430,-58.76654052734375
1074,-646.39324951171875
8277,7.929651737213135
955,7.166167736053467
3037,4.237730503082275
8951,18.650060653686523
4640,-26.134178161621094
8636,5.6192851066589355
2619,3.130113124847412
6094,20.021480560302734
2488,29.291202545166016
4108,1.553342342376709
3873,-5.471475124359131
3092,0.9956491589546204
4062,8.74891471862793
3519,5.992784023284912
6793,-1.2733412981033325
7711,27.081188201904297
815,-45.20450210571289
1959,-27.57611083984375
7132,62.00484848022461
8489,28.87251091003418
1646,23.25660514831543
3940,0.13075339794158936
3630,53.215736389160156
7909,4.718337059020996
7923,-738.60565185546875
4573,20.422760009765625
74,-125.74314880371094
6937,9.666508674621582
5127,93.80323791503906
8584,9.146344184875488
3238,2.4378693103790283
7174,95.25743865966797
5592,2.5299999713897705
7284,12.607207298278809
9966,-789.22857666015625
7759,6.704105854034424
2164,-45.17070388793945
2500,10.067692756652832
2101,-10.713136672973633
2788,-51.856048583984375
4526,-614.5374755859375
2897,6.361758232116699
7779,8.164938926696777
9179,1.2871469259262085
4243,28.60556411743164
8745,-16.112422943115234
3113,-2.3695175647735596
6334,43.2456169128418
2843,24.52495002746582
6959,-0.23440968990325928
6249,13.460402488708496
9989,17.502059936523438
1908,0.9431005716323853
2989,308.367919921875
1677,9.221064567565918
3214,-3.7913031578063965
9604,31.120281219482422
5334,19.716001510620117
5286,5.201340675354004
2335,-7.34047269821167
4212,8.783843994140625
2480,24.0712890625
9526,9.077157974243164
4004,10.654909133911133
2073,41.51279830932617
4129,1.8683736324310303
857,57.65047073364258
2720,173.58416748046875
6803,22.27675437927246
9853,304.74859619140625
8498,27.4610652923584
4440,11.28275203704834
8388,13.668289184570312
7764,-24.800249099731445
6468,72.26964569091797
1331,-1.939068078994751
147,-5.138883113861084
4296,8.037248611450195
3117,-42.147918701171875
5325,3.7552242279052734
1607,12.12105941772461
783,0.5924140810966492
4327,3.480463981628418
779,30.6522159576416
6700,-134.5302734375
5955,-358.2047424316406
128,0.2883865237236023
40,-66.8521499633789
5291,29.256444931030273
3584,-12.741471290588379
4399,27.108121871948242
323,-638.365966796875
5393,27.062000274658203
2863,-69.9987564086914
3223,12.880338668823242
2632,-242.4558563232422
3900,7.667965888977051
9060,31.147687911987305
2640,62.80524444580078
6059,1.2015714645385742
9914,3.245546817779541
7793,23.34001350402832
3034,3.7277281284332275
8040,5.437953948974609
1044,-31.782581329345703
9054,1.9788912534713745
7313,3.671297073364258
487,16.672386169433594
5737,3.371368408203125
5188,28.155471801757812
7005,177.73422241210938
6740,4.53920316696167
8627,-8.647062301635742
6495,0.7807689905166626
7931,7.012117385864258
9312,9.891490936279297
6446,16.645614624023438
3646,25.1116943359375
3212,-3.886528968811035
1992,11.502273559570312
3785,67.96330261230469
9504,4.372535705566406
5454,5.324113368988037
5037,544.21893310546875
484,14.366779327392578
9324,5.198704719543457
9897,-5.6186203956604
9326,-34.07416534423828
7372,11.31606674194336
6688,10.565251350402832
272,4.608135223388672
6,-1.3479958772659302
7526,1.5674445629119873
1108,4.5859246253967285
5298,6.022741317749023
6826,14.793896675109863
5504,46.80343246459961
2988,4.270794868469238
911,-1.6462745666503906
2805,8.899958610534668
1159,16.169586181640625
905,-118.40396118164062
8007,5.892640113830566
4902,-7.821150779724121
4552,1.1625787019729614
4925,53.76519775390625
4989,9.296473503112793
6236,2.2732577323913574
267,-45.17070388793945
1056,-2.849459648132324
1462,-10.722210884094238
1798,3.928144693374634
9393,8.358133316040039
6589,3.11179518699646
7850,3.4152140617370605
3854,5.410966873168945
3102,-32.80915451049805
2547,9.542346954345703
6343,9.819581985473633
5557,183.1045379638672
90,297.096923828125
4358,1.4149324893951416
8078,44.626190185546875
3822,12.582763671875
4239,-1883.209716796875
5814,133.73052978515625
483,53.26689147949219
3006,4.0365800857543945
6088,1.764614462852478
2637,-1.448793649673462
4855,7.138399600982666
1182,17.421175003051758
6081,7.237932205200195
4179,-404.9742736816406
5082,6.420394420623779
2976,15.61091136932373
7899,6.537898540496826
8748,8.150323867797852
7364,9.967862129211426
8517,1.507184624671936
7984,1.1053732633590698
1379,-0.7996959686279297
8520,5.812343597412109
2476,6.785283088684082
436,6.355869770050049
1216,-5.907463550567627
4366,-33.05122756958008
8630,58.74931716918945
1644,1.3592414855957031
5155,5.57072639465332
5884,7.210168361663818
9991,10.210739135742188
8088,408.48101806640625
9293,29.7661075592041
4100,13.351017951965332
8464,-32.91937255859375
8125,-43.09571075439453
8083,14.218683242797852
6926,45.62922668457031
9510,8.581891059875488
9013,2.092271327972412
5347,-0.1158791184425354
4480,18.835397720336914
2374,5.43956184387207
2791,-11.136234283447266
4287,3.1173465251922607
2272,1.5757569074630737
6619,26.632080078125
349,-1238.949951171875
9806,-447.73431396484375
3289,9.02692699432373
1737,63.906402587890625
1242,12.213104248046875
4439,74.99376678466797
7441,5.2570695877075195
9418,11.41708755493164
7445,8.882466316223145
2505,-51.42140579223633
5400,-16.224355697631836
7777,139.3158721923828
8306,-1001.6976318359375
1879,6.614336967468262
7962,-1.7444171905517578
7140,-15.519681930541992
6208,20.551815032958984
5096,-353.4712829589844
9494,10.934867858886719
5653,10.000465393066406
9152,3.0960288047790527
5008,-17.018573760986328
3727,-47.440223693847656
6262,1.5424507856369019
2133,19.020111083984375
6600,15.904897689819336
7975,82.71419525146484
5643,-21.00563621520996
3040,5.495654582977295
2345,29.575298309326172
731,15.082618713378906
6669,9.409611701965332
2135,-19.097410202026367
3524,15.175146102905273
919,-15.069283485412598
9422,-18.082111358642578
9120,-4.9855875968933105
5192,-6.371960163116455
3085,4.556899547576904
1221,-7.637478828430176
2931,5.573986530303955
8611,168.6958770751953
3858,1.536755084991455
8740,7.94205904006958
6048,50.780574798583984
9417,-222.0439453125
2485,-41.5593147277832
4105,-30.74355125427246
2329,23.7222900390625
7581,4.947425842285156
8210,-50.33745574951172
2410,0.4599458575248718
1714,-21.764162063598633
3550,34.364315032958984
6850,31.35286521911621
7860,574.36407470703125
4811,1.4222865104675293
3653,2.8871309757232666
5727,-23.623395919799805
2840,121.35474395751953
9698,2.737260103225708
3357,9.58961009979248
7437,4.617809295654297
5341,9.529261589050293
506,85.56537628173828
207,-12.666433334350586
8283,-9.570246696472168
2883,33.29023361206055
7757,3.816002368927002
1858,-1.1871649026870728
2784,32.706199645996094
5683,55.80991744995117
8526,-75.18333435058594
7221,5.665050506591797
1496,-25.20970916748047
5469,9.287019729614258
199,-3.9911651611328125
9607,29.777355194091797
2535,5.798871040344238
8021,25.94055938720703
3407,1196.39892578125
9207,-16.97212028503418
7039,15.2450532913208
9662,-6.083879470825195
4014,-40.30243682861328
8854,30.598081588745117
2524,30.36275291442871
9419,5.619843482971191
1745,17.654541015625
6626,15.399914741516113
7339,-6.139357089996338
7020,35.66752243041992
4,6.1290740966796875
3165,3.671297073364258
5773,-5.110335350036621
4254,6.355869770050049
3088,75.82044982910156
5812,-98.4512710571289
6677,-8.704090118408203
8254,1.868990421295166
4520,315.6294250488281
3850,-18.340763092041016
9884,-53.635833740234375
2501,-26.60948944091797
1829,968.59246826171875
152,22.00661849975586
1156,86.08422088623047
4812,25.515361785888672
6583,15.885507583618164
9272,20.900136947631836
8238,-78.74073028564453
2647,7.569148063659668
7648,62.9453125
8264,10.463285446166992
6948,2.931887149810791
191,-359.6025390625
5639,18.55664825439453
1175,-6.179803371429443
6469,10.776010513305664
947,3.756498336791992
3441,6.178693771362305
6491,40.7426643371582
9004,4.362103462219238
5789,4.1952338218688965
3070,4.242136478424072
9924,32.317657470703125
5058,12.991705894470215
2011,19.158424377441406
6769,3.6322011947631836
3253,3.3186142444610596
6151,4.785581111907959
7455,18.94379425048828
1556,9.677765846252441
3640,6.630776405334473
5190,-0.962059736251831
8219,-11.377710342407227
3170,22.01236343383789
9237,-135.9850311279297
3445,14.092940330505371
9474,5.8609771728515625
2677,4.566395282745361
1176,185.6033935546875
1482,4.84075927734375
9953,51.524322509765625
3781,16.556591033935547
7888,26.88384437561035
1563,1.9632480144500732
3963,11.473536491394043
2823,5.390297889709473
5513,10.224272727966309
1915,18.75924301147461
426,-8.097941398620605
2182,-39.941139221191406
5448,-19.115079879760742
7060,2.1825144290924072
5949,-10.527519226074219
8419,14.587882995605469
8622,0.8534421324729919
5688,16.364276885986328
7424,4.265308380126953
5099,-1.7915494441986084
3010,248.89886474609375
4370,30.085691452026367
1015,5.106398105621338
4376,29.59111976623535
4733,-108.53720092773438
291,8.49760913848877
9034,44.10313034057617
7603,3.877800226211548
2731,21.377429962158203
2184,1.9643399715423584
5116,14.650978088378906
5905,4.146876335144043
9021,3.905661106109619
9537,4.922491073608398
3707,26.860363006591797
9554,-25.563720703125
4359,4.222531795501709
37,-0.16253125667572021
2414,7.580991744995117
6605,61.36906814575195
3466,-43.7742919921875
2446,3.4112517833709717
7651,17.224538803100586
385,34.10743713378906
3303,-8.972209930419922
6620,68.974853515625
4124,-0.07479512691497803
4420,45.70056915283203
4610,8.194685935974121
7038,39.31101989746094
9378,5.740825653076172
175,28.319814682006836
6696,2.52768611907959
2588,10.219734191894531
8684,16.603160858154297
3480,157.95550537109375
4387,7.234231472015381
2298,5.721459865570068
311,-5.561184883117676
9310,8.823419570922852
1938,6.276073932647705
4547,1.1605488061904907
8864,-44.42868423461914
6115,1.4413955211639404
8154,1.647612452507019
734,-1.3359886407852173
5308,44.133636474609375
5151,-6.761159420013428
1841,3.9155969619750977
9031,26.222715377807617
7173,37.211830139160156
4742,-3.886528968811035
9318,-17.849397659301758
1776,943.702392578125
856,38.191287994384766
2257,-21.447677612304688
9772,1.4160387516021729
7540,-0.30885887145996094
4652,4.950604438781738
8081,4.8748884201049805
7250,-93.31954193115234
4621,-14.427740097045898
6960,-0.11136937141418457
9242,8.974786758422852
1454,40.8404426574707
9513,-1.2012654542922974
8024,-1001.29296875
7457,9.940564155578613
5749,1.5810750722885132
5071,2.307398796081543
3452,2.9266443252563477
2763,39.813453674316406
2842,1.8683736324310303
9839,74.291229248046875
6932,2.7490270137786865
4951,-26.97291374206543
1423,40.09354019165039
755,92.03633117675781
2761,19.253877639770508
5968,4.3773698806762695
1326,-400.6695251464844
8953,254.05125427246094
1181,-61.35213851928711
7326,38.37931823730469
2658,4.7720513343811035
4099,64.719940185546875
3604,35.876121520996094
6476,3.789379358291626
6084,9.06357479095459
3416,4.387477874755859
3645,-5.760185718536377
2717,19.09459686279297
4990,-11.353679656982422
6673,5.2204437255859375
5545,14.60746955871582
1468,10.961298942565918
8059,320.91717529296875
996,15.627796173095703
6459,5.841017723083496
8809,37.266632080078125
6205,-104.71336364746094
243,61.79206085205078
2059,64.69786834716797
4748,11.723812103271484
1811,3.8637936115264893
9934,2.9717085361480713
8960,-4.201910495758057
4884,13.356765747070312
1337,853.37384033203125
4892,5.439225196838379
9740,-47.1363410949707
335,-4.640783786773682
6516,54.16507339477539
5907,-577.40521240234375
2220,1.8183672428131104
8250,-0.6524801254272461
9540,17.421783447265625
9341,-11.865849494934082
2354,95.10369110107422
8484,4.238653182983398
595,-1.1570491790771484
2180,4.434452056884766
5036,20.840234756469727
5703,-18.317710876464844
1929,0.2645687460899353
2571,29.109418869018555
864,1.8531014919281006
7074,3.018993616104126
4968,34.23810958862305
2698,3.7000975608825684
1625,26.76792335510254
2236,-10.480742454528809
5777,-198.25498962402344
7587,432.7190856933594
222,5.479955673217773
7219,36.38380432128906
5808,13.535645484924316
3470,24.916763305664062
1954,49.322853088378906
6051,9.275790214538574
3671,2.5932371616363525
1316,0.3863280117511749
6567,-0.4745520353317261
6603,-15.370878219604492
5780,31.445079803466797
7234,22.75943946838379
8557,13.029983520507812
5026,-4.019924640655518
5733,296.96881103515625
5690,35.688175201416016
2789,2.2463924884796143
4188,-62.71331787109375
1774,2.3419246673583984
3248,-958.78375244140625
1932,28.624286651611328
1433,11.874303817749023
4392,-150.56246948242188
3005,1.6433837413787842
1022,16.26274871826172
3168,7.876025676727295
6544,10.22431468963623
2703,0.20659476518630981
2915,7.929651737213135
6683,1.4586800336837769
9817,85.0017318725586
5502,7.995852470397949
4768,-13.744146347045898
841,-395.3897399902344
5769,-22.447284698486328
4437,7.9770402908325195
1073,22.623638153076172
3121,2.576115131378174
9900,9.847585678100586
3362,64.55866241455078
3965,-4.52055025100708
1548,9.757222175598145
6002,8.744223594665527
9524,-11.083839416503906
7693,10.886399269104004
7337,-10.003756523132324
2339,3.997008800506592
6254,6.161179065704346
5028,5.905664920806885
851,11.21964168548584
5039,75.7518539428711
9346,6.202626705169678
9181,-224.21722412109375
2923,22.43233871459961
9088,16.76819610595703
5161,5.157782077789307
8174,2.890777826309204
6367,-10.360047340393066
8478,6.113766193389893
1783,25.87007713317871
3094,4.288883209228516
3603,11.68649673461914
1555,-37.73595428466797
832,17.886903762817383
2664,-24.479589462280273
3477,36.899288177490234
4272,41.371395111083984
3914,-40.866973876953125
8880,13.226410865783691
3297,43.58176803588867
2435,6.928474426269531
1815,36.53128433227539
8033,-8.171682357788086
8328,29.586761474609375
4405,62.68391036987305
94,12.909849166870117
121,13.709403038024902
915,-4.415517330169678
2160,91.23628234863281
807,-14.225239753723145
733,5.587001323699951
9899,11.367919921875
1207,7.536000728607178
9771,13.546557426452637
246,2.347825527191162
5321,58.37185287475586
3210,-0.2180079221725464
2873,5.068408489227295
9266,12.88060188293457
4246,-0.9850881099700928
6733,32.75516128540039
6584,6.161179065704346
1167,-4.019924640655518
8487,24.162281036376953
4669,4.171396255493164
7761,-1.0802830457687378
2924,-6.606721878051758
2860,74.80039978027344
5221,-61.68156051635742
6345,713.05084228515625
5497,4.176576614379883
1700,-113.47138977050781
3717,617.5557861328125
7898,214.69908142089844
1823,2.345215320587158
1385,45.01094436645508
2326,-1.078142523765564
5511,22.707744598388672
7936,6.064807415008545
8673,6.889777660369873
3945,15.783339500427246
5410,-10.644487380981445
6917,-29.814451217651367
6355,-386.94122314453125
4854,0.965429961681366
9432,0.9489784240722656
8191,3.170125722885132
5845,-448.285400390625
8846,-10.102741241455078
1788,22.30413055419922
2323,7.700469970703125
936,-1.318426251411438
978,-550.30029296875
8344,-10.527519226074219
9598,1.285812258720398
6194,1.9204480648040771
387,4.5859246253967285
9290,-38.87999725341797
3802,29.06344223022461
4687,-22.28966522216797
7126,3.4191367626190186
6323,474.7602844238281
1209,2.8817615509033203
8768,-29.129728317260742
8036,32.98319625854492
7246,4.372535705566406
6801,119.84537506103516
5999,20.376468658447266
5776,86.366241455078125
5916,6.975943565368652
1418,-9.199012756347656
57,5.825526237487793
3880,6.498540878295898
3075,5.630588531494141
1202,3.893289804458618
6136,181.9817352294922
2794,45.74226379394531
5819,2.854107141494751
3140,1.4482632875442505
8230,4.001112461090088
4491,14.463529586791992
8987,-3.976187229156494
4677,-31.753101348876953
1399,19.23154640197754
585,-14.066133499145508
8575,4.947425842285156
6024,-3.521847724914551
6906,13.780794143676758
7243,1.1094105243682861
6775,10.302940368652344
7423,-1.437654972076416
3930,-1.056934118270874
2151,33.201698303222656
6545,-9.9237699508667
2540,8.8698272705078125
8852,238.0345916748047
3285,2.7472434043884277
8402,16.834129333496094
6365,23.705394744873047
3150,1.7195498943328857
826,206.80702209472656
9879,93.96993255615234
7327,1.2009975910186768
2942,159.7140350341797
7383,63.9775276184082
6971,35.75450897216797
1223,0.8708264231681824
9174,-3.488929271697998
4415,-70.242919921875
3538,21.25411605834961
8802,7.305431365966797
6736,0.4676057994365692
449,1.5527002811431885
1463,56.53764724731445
3736,8.673805236816406
9440,87.64520263671875
3103,11.876348495483398
7261,26.327102661132812
5176,31.485139846801758
6798,8.559247970581055
7915,10.338374137878418
1286,0.9850492477416992
2268,74.7554702758789
7458,9.283366203308105
7155,-171.98374938964844
1071,-1.3359886407852173
7110,9.078357696533203
7534,3.144313335418701
9842,152.17251586914062
941,33.54706954956055
3082,12.223512649536133
2719,-5.595278263092041
7468,9.085583686828613
1107,-23.06407356262207
9140,-54.4593620300293
5456,88.99951934814453
596,-63.20164489746094
9726,-131.4981689453125
9080,21.902164459228516
949,1.745768427848816
1234,3.380507230758667
6964,1.3681530952453613
5627,-54.883331298828125
1520,24.174846649169922
8914,24.870302200317383
1978,20.958881378173828
4766,28.68470573425293
7544,3.3059988021850586
4223,12.341909408569336
5013,35.31452560424805
3689,77.90755462646484
8681,0.9060700535774231
5022,26.005081176757812
2046,-1.8200275897979736
1489,5.203130722045898
6320,2.612917423248291
6213,-30.260953903198242
6408,3.0081136226654053
1388,5.962000370025635
6835,63.89268493652344
5731,-444.524169921875
9552,51.42564392089844
1669,29.043380737304688
4619,60.60854721069336
1456,38.7254524230957
4081,3.0840213298797607
8941,26.99747085571289
3141,2.3917031288146973
1645,4.392392635345459
7633,79.48723602294922
6413,7.143564701080322
854,-55.79630661010742
7504,24.858295440673828
9311,-4.108714580535889
2820,-21.475309371948242
132,57.647613525390625
7472,7.911900520324707
2506,37.103878021240234
9445,1.7781065702438354
2901,2.5043959617614746
2662,10.039374351501465
6206,29.068552017211914
3073,-5.716261386871338
7069,22.711118698120117
7855,8.792348861694336
1678,25.350276947021484
2129,31.013839721679688
5476,0.8576809167861938
6038,15.525229454040527
1882,125.27311706542969
3467,3.2520151138305664
5674,80.11042785644531
3389,3.4232263565063477
4065,6.324591159820557
6394,-47.48933792114258
4773,3.5961995124816895
7819,-4.946885585784912
2828,138.93495178222656
9015,4.529525279998779
7729,21.34185218811035
1621,67.044464111328125
2997,159.95751953125
6350,10.790794372558594
7512,24.058210372924805
4810,43.357460021972656
6741,-6.229015827178955
6288,10.629793167114258
1779,0.6977354288101196
127,6.161179065704346
6330,2.303497076034546
7863,10.210659980773926
1750,-3.9302659034729004
4318,9.951216697692871
6941,5.425152778625488
497,-17.69820213317871
9717,4.0365800857543945
9845,-51.078956604003906
56,20.512683868408203
3594,9.455836296081543
9866,-355.6883850097656
3974,-0.6565660238265991
8674,60.4122314453125
5782,11.144400596618652
8430,10.522287368774414
9416,1.3063671588897705
2700,1.1486008167266846
5762,9.5637054443359375
6303,29.57070541381836
7251,-0.3534872531890869
366,-41.121253967285156
6654,2.2531027793884277
6999,7.264481544494629
345,13.919371604919434
66,104.46623229980469
8178,76.7970199584961
3366,-8.082024574279785
8072,5.545689105987549
1485,9.605632781982422
1952,61.64276885986328
8167,2.890777826309204
3472,0.9918087720870972
9986,-13.63553237915039
7814,10.886874198913574
5840,10.862809181213379
5422,-1.0620988607406616
4784,-9.287883758544922
6629,13.755270004272461
6833,7.929995536804199
3983,0.5506406426429749
6417,12.128571510314941
3668,5.5230560302734375
7037,2.643465757369995
9160,12.902877807617188
5722,76.790863037109375
632,14.951698303222656
6517,10.71398639678955
9898,94.737884521484375
9495,-10.150832176208496
5918,24.61216926574707
5105,10.878488540649414
4653,11.305773735046387
3300,-4.185971736907959
6201,15.98814868927002
549,392.7519836425781
8551,-60.42145919799805
7948,-11.121929168701172
660,8.608485221862793
4853,4.288883209228516
2538,6.270920276641846
4277,-2.5163209438323975
7841,-16.03955078125
8013,-30.005245208740234
7097,4.591846466064453
190,38.37443161010742
3076,-11.324653625488281
9453,84.912078857421875
5585,8.133304595947266
9948,-0.3330528140068054
3408,15.366925239562988
7562,110.72686767578125
4406,30.521480560302734
800,2.4552419185638428
3410,-3.9302659034729004
4980,-23.403554916381836
1343,2.9266443252563477
8164,2.6347482204437256
5702,5.169001579284668
6602,103.0370101928711
4413,68.69987487792969
8843,5.028340816497803
1585,6.6128740310668945
5837,-16.356571197509766
7839,105.8538818359375
1911,8.423930168151855
8475,-10.271814346313477
2516,6.057365894317627
1338,1.5985674858093262
4354,4.001112461090088
6611,-5.783701419830322
5213,-4.322892665863037
3813,-721.26959228515625
8450,47.80345916748047
6597,1.9788912534713745
2822,1.8485617637634277
8554,2.7319536209106445
9874,2.106348991394043
7133,3.74875807762146
2330,-25.521625518798828
2139,-7.915106773376465
6806,13.301101684570312
1053,-70.93535614013672
5211,35.36210250854492
1672,5.1129889488220215
5479,-13.668947219848633
5171,6.667726516723633
1062,-76.28345489501953
4870,22.63764762878418
825,-22.853431701660156
5306,33.777652740478516
374,20.598358154296875
6788,2.9159555435180664
9492,1.102097988128662
5928,2.0539984703063965
8688,151.1630096435547
4828,8.3254976272583
7516,27.200197219848633
4225,31.262529373168945
5236,137.49220275878906
2051,6.355869770050049
9723,7.083021640777588
35,10.118391036987305
9139,2.6665995121002197
8930,28.086013793945312
7355,17.647687911987305
9201,5.27488374710083
1329,-545.5899658203125
9502,16.76204490661621
553,0.5506406426429749
9895,-46.15109634399414
9180,-1.187376618385315
122,20.26556968688965
2377,-60.5710334777832
5835,-15.714548110961914
1278,3.211876630783081
8553,29.984933853149414
7564,11.800594329833984
9323,-22.33397674560547
5005,0.667849600315094
5866,108.55048370361328
6082,-19.375627517700195
7183,-56.73208999633789
3773,4.151767730712891
7964,-63.96387481689453
7918,1.1053732633590698
8308,17.439502716064453
154,-2.64113187789917
228,68.116180419921875
5831,1.7523586750030518
1916,4.751971244812012
2200,-23.398651123046875
2498,-92.13407897949219
5263,2.273163318634033
8027,-39.134056091308594
9765,3.6994152069091797
3552,61.09516525268555
6994,-53.556114196777344
136,16.225494384765625
7287,-173.32273864746094
2434,0.7723604440689087
6070,5.108079433441162
928,5.949992656707764
44,3.1545281410217285
9119,93.904022216796875
9178,-49.48505783081055
1907,3.9674580097198486
9677,30.109582901000977
2063,10.273283958435059
514,0.33074796199798584
458,-1.2012654542922974
6318,11.401585578918457
1579,15.276300430297852
3252,1.9752554893493652
7736,92.45680236816406
7051,-43.217315673828125
7045,81.07981872558594
9968,0.9902847409248352
6377,-3.80928373336792
4964,0.5839926600456238
4948,-1.3359886407852173
1658,34.53767395019531
8863,-24.942049026489258
3406,53.93076705932617
5445,-218.6350860595703
7103,733.316650390625
5940,1.4182844161987305
5376,11.869271278381348
8003,-453.2109680175781
6645,6.309693336486816
5168,-1.630929708480835
7447,9.072893142700195
8352,8.258830070495605
5515,3.3919026851654053
1964,21.813358306884766
510,0.7011860609054565
3230,11.714603424072266
5493,21.904924392700195
6409,22.01555061340332
6679,1.036873459815979
4360,-106.88947296142578
4214,-3.8527493476867676
9666,-0.6219046115875244
633,2.5984017848968506
4006,-23.259708404541016
9569,1.9449706077575684
2503,-4.611807823181152
2201,1.308044195175171
5126,19.481136322021484
9646,-6.396200656890869
6047,1.5125054121017456
1440,52.474605560302734
680,30.864337921142578
5478,10.590080261230469
9115,36.9022102355957
320,-1.3359886407852173
347,29.284008026123047
2420,6.008837699890137
8368,495.617431640625
9360,105.24717712402344
4829,1.5266300439834595
7611,12.182915687561035
8177,52.362918853759766
3435,-48.94500732421875
4598,2.047792434692383
4843,57.41425704956055
9753,-6.1666131019592285
6943,9.341028213500977
1587,-9.589262962341309
3290,2.6665995121002197
8966,-5.454251766204834
1664,-11.748222351074219
6189,24.33879852294922
1970,-45.78069305419922
4273,-80.99464416503906
7958,5.198704719543457
8889,-17.317790985107422
9841,80.28810119628906
1507,0.5506406426429749
9649,4.2617268562316895
721,-0.40018928050994873
4430,17.97191047668457
6376,-11.782190322875977
8358,10.533881187438965
1400,-17.7908992767334
1767,-1.410679578781128
1771,5.402498722076416
7838,5.203130722045898
4177,22.10626220703125
6638,16.70799446105957
91,5.068408489227295
3333,-24.950565338134766
3393,-6.355079174041748
7035,10.030527114868164
6963,16.433801651000977
8350,-25.770212173461914
289,-10.724822998046875
5969,6.459182262420654
628,-170.45010375976562
2019,-3.409526824951172
7752,-27.779254913330078
7368,0.6186485290527344
4995,53.1764030456543
4023,263.34332275390625
6012,-475.0948791503906
6181,8.642768859863281
715,-40.85198211669922
7335,-1.6990716457366943
9612,-17.335447311401367
5016,34.1291389465332
3786,1487.4373779296875
8746,9.41721248626709
386,8.328591346740723
4297,86.5435562133789
2052,-32.658504486083984
8038,7.3167314529418945
7075,29.371234893798828
3627,-173.4232635498047
8902,4.883978843688965
2227,12.538482666015625
4574,2.337531566619873
1092,219.76406860351562
4152,1.8542730808258057
6432,-25.41349220275879
5055,2.598802089691162
109,17.344743728637695
516,8.509294509887695
7691,3.5413901805877686
2482,5.92294454574585
7065,2.363079309463501
8415,-43.64155197143555
4017,294.7617492675781
2246,3.0267109870910645
6344,-12.756477355957031
9452,-13.724620819091797
5319,5.763625144958496
8346,5.652130126953125
9358,7.331048488616943
9943,7.067323684692383
7150,-18.09932518005371
6762,-18.34440803527832
7640,0.6761355400085449
7480,84.5758285522461
1488,-43.217315673828125
5294,5.663736343383789
1608,45.13268280029297
5699,-15.884498596191406
2885,5.084463596343994
3459,2.7974722385406494
6810,4.301575660705566
9202,14.688862800598145
3310,5.583117961883545
2392,-18.12459945678711
9876,-38.861846923828125
5558,36.624176025390625
3700,16.758569717407227
5568,26.63141632080078
3657,4.780004501342773
7800,0.6747837066650391
6618,-14.948304176330566
6988,33.70500564575195
3418,315.84222412109375
2452,-15.204012870788574
4531,11.179497718811035
4758,1.3587735891342163
9941,-23.581960678100586
6763,10.092156410217285
2824,25.403730392456055
3087,4.146603107452393
4374,6.161179065704346
3015,12.14482307434082
5391,2.7085633277893066
7178,-71.51419830322266
3840,2.6979141235351562
7653,9.942476272583008
2037,1.0515741109848022
7989,3.9382636547088623
9975,-53.57809066772461
7806,22.36168098449707
8834,19.48479652404785
8993,27.731481552124023
4264,2.3180179595947266
3754,5.798898696899414
8999,126.95709228515625
6784,12.51832103729248
703,144.24485778808594
5644,6.1826324462890625
5671,-33.561614990234375
775,5.277885437011719
7311,1.9962164163589478
3237,14.216151237487793
7168,40.72513198852539
2815,11.654577255249023
8184,5.8460516929626465
6165,3.925053834915161
1464,16.810789108276367
405,168.31703186035156
7017,5.062378406524658
6841,5.288362979888916
6690,-126.07185363769531
791,4.841629505157471
8423,1.3505585193634033
2278,84.10566711425781
1259,-27.590831756591797
5818,5.288362979888916
1801,3.624307870864868
5085,35.74113845825195
2387,-68.78702545166016
5608,-4.751695156097412
319,-33.5677375793457
3367,18.489896774291992
1309,3.8215692043304443
3233,-33.226722717285156
7025,-0.06628179550170898
4972,34.58769226074219
7722,7.5012431144714355
8765,-4.742943286895752
7937,9.294175148010254
8542,-14.233049392700195
4187,-11.177464485168457
9923,66.60753631591797
7001,27.098100662231445
6163,7.31688117980957
9645,69.74805450439453
2961,-43.29102325439453
6822,8.023366928100586
3272,17.278867721557617
6149,-37.61497116088867
5199,4.564340591430664
7153,33.024559020996094
2341,43.28021240234375
8995,4.074338912963867
6299,15.032212257385254
3909,-209.61102294921875
2624,-33.05927276611328
4198,18.228864669799805
13,1.6605039834976196
2651,15.550406455993652
796,-2.103428840637207
913,6.592785835266113
9252,3.8899471759796143
1778,0.881473958492279
8405,24.10001564025879
9470,16.10162353515625
5359,3.653240442276001
9889,7.812695026397705
740,12.547479629516602
5180,3.849517583847046
3465,-35.82679748535156
3332,52.76536560058594
5083,22.448875427246094
8700,-1.130922794342041
1045,-100.14105987548828
2453,-0.2010211944580078
9036,3.7904715538024902
4515,-20.172611236572266
7342,4.144326686859131
5439,10.256208419799805
8635,-44.89560317993164
4790,4.03839635848999
8937,-0.9184643030166626
1896,3.1895322799682617
2806,-4.52055025100708
6453,9.81627368927002
5847,9.098640441894531
3590,1.9268100261688232
5853,-1.4741369485855103
4786,-51.668540954589844
957,1.1904199123382568
3721,5.4714484214782715
6695,11.857627868652344
7771,4.117992401123047
1926,12.879287719726562
2841,-48.97140121459961
4146,67.77445220947266
4732,105.24717712402344
8770,19.83905601501465
9805,9.149433135986328
3852,6.8541412353515625
7519,-39.2978401184082
9910,2.9672958850860596
765,11.079754829406738
7170,4.763360977172852
7599,6.344205379486084
9053,-251.70960998535156
8132,0.32009172439575195
1267,2.3917031288146973
8853,8.705970764160156
5059,4.015165328979492
3286,0.26177483797073364
3649,3.998492479324341
2607,17.677488327026367
4851,-6.028445720672607
7872,2.9702656269073486
1085,36.056270599365234
4329,19.23154640197754
3412,-39.956443786621094
5398,6.058844566345215
5018,665.25732421875
9471,-38.45684051513672
1141,55.395538330078125
9597,41.534820556640625
5007,-5.667306423187256
5797,29.584688186645508
1124,-24.05345344543457
9714,77.85188293457031
5813,6.013307094573975
4883,28.251598358154297
7210,8.051514625549316
7657,6.450528144836426
6451,15.324186325073242
4500,2.4710826873779297
5594,82.05255889892578
7162,1.7769355773925781
8181,17.9426326751709
3714,8.825879096984863
8572,43.304222106933594
7745,16.433801651000977
4140,94.51653289794922
1017,8.246073722839355
1732,-51.18598175048828
9729,157.7531280517578
5974,12.964972496032715
4730,8.718864440917969
7614,2.038099765777588
9355,4.361419677734375
6804,3.0657033920288086
839,-33.955413818359375
8974,-3.886528968811035
7628,4.661007404327393
260,49.1564826965332
6264,12.992512702941895
24,4.983371257781982
9796,142.36697387695312
8331,8.901222229003906
3747,3.836549758911133
8037,-25.54778289794922
3319,-4.684499263763428
3288,81.4993896484375
8294,3.8312745094299316
479,5.378052234649658
8312,-1003.4171142578125
6681,6.060370445251465
4315,1.036873459815979
8665,-31.583389282226562
4076,7.022581577301025
2206,154.41830444335938
1189,1.508908748626709
6423,87.5540542602539
9931,-67.3283462524414
4644,35.48170471191406
1426,-8.673290252685547
924,7.864814281463623
1897,1.29734468460083
3446,18.975963592529297
4761,-434.5805358886719
6407,45.75933837890625
6800,-25.535795211791992
511,40.03736114501953
9424,5.65471076965332
3404,10.740471839904785
5851,19.263267517089844
8169,2.9680261611938477
4093,23.849260330200195
1188,4.9379730224609375
3729,21.328664779663086
5046,97.526336669921875
4901,13.859723091125488
6542,-1.5466296672821045
7924,4328.36376953125
5337,-5.440202236175537
5053,5.594702243804932
3348,4.614323616027832
7122,6.5037689208984375
5453,6.88651180267334
984,21.698823928833008
6148,128.91444396972656
1630,10.37973403930664
7646,1.8894973993301392
6214,32.457550048828125
8259,-1443.681884765625
9745,297.2150573730469
1270,25.468482971191406
3797,1.5248589515686035
6624,2.8749892711639404
5232,-14.459599494934082
8648,-16.47014045715332
7878,4.390454292297363
4837,-41.13758850097656
8108,25.138172149658203
170,45.01919174194336
9664,-3.157531976699829
5169,-10.514504432678223
2040,2.268130302429199
880,152.51344299316406
7836,5.185654163360596
6068,-68.56797790527344
8544,9.445352554321289
1253,3.6368863582611084
3853,35.06907653808594
3902,10.225448608398438
9919,23.563209533691406
9626,11.844794273376465
5074,6.704550266265869
6663,41.80735778808594
3098,134.89767456054688
6939,-2.238152503967285
7033,-21.564193725585938
6160,2.586394786834717
4446,254.95030212402344
6562,4.8075385093688965
8780,3.4218173027038574
899,10.626962661743164
8640,35.01896286010742
2812,2.047792434692383
7130,8.11205768585205
4021,-43.38150405883789
2827,-2.7105798721313477
6879,-31.422197341918945
9299,12.815032958984375
1899,6.8766093254089355
3710,15.340068817138672
3827,-9.093192100524902
4913,0.7811679244041443
5269,8.703980445861816
4011,14.553327560424805
6142,62.194644927978516
9568,17.384307861328125
2249,4.947425842285156
2565,9.385188102722168
6105,-32.273841857910156
1875,5.709235668182373
2113,9.860224723815918
2634,9.370847702026367
5187,23.237030029296875
6150,9.765100479125977
9215,1.2982443571090698
3767,9.233152389526367
4305,-28.389278411865234
7401,-547.63458251953125
3808,-13.758605003356934
5900,1.3062186241149902
9173,-10.445394515991211
2683,11.378992080688477
5262,-60.34775161743164
8708,5.021143913269043
6927,12.798099517822266
6844,8.768560409545898
6555,3.4555552005767822
8767,23.38909339904785
4985,9.287797927856445
7788,8.349992752075195
8201,5.721928119659424
6549,-0.8027327060699463
9911,5.880780220031738
1268,45.12000274658203
500,-4.0917744636535645
728,6.782317638397217
1998,19.771488189697266
767,-15.151021957397461
3676,18.703901290893555
6287,2.848670721054077
7306,11.383835792541504
2263,161.53323364257812
1421,-4.742943286895752
2595,1.0349470376968384
4729,3.9527459144592285
4298,90.66924285888672
5579,20.684776306152344
2062,-46.083980560302734
3269,1.3395042419433594
4398,0.23306143283843994
1690,8.55422592163086
9965,1.9393495321273804
8840,-6.01837682723999
7080,11.166839599609375
1241,35.85496520996094
7009,1.5922313928604126
9069,29.45271110534668
1393,8.273435592651367
8442,-24.555862426757812
3186,-321.44891357421875
8580,3.3950934410095215
4386,1.723807692527771
1180,9.7843017578125
5632,80.55326843261719
692,4.418517112731934
8764,2.5043959617614746
3235,4.834176063537598
3744,-9.885919570922852
834,8.236089706420898
80,-21.78426170349121
9339,-4.84385347366333
3588,45.88434982299805
3733,77.17394256591797
5923,-18.96285629272461
6240,3.1569368839263916
1973,-34.356300354003906
3096,8.976078033447266
9703,55.089412689208984
7613,31.27431869506836
7131,-1.515688419342041
8754,13.411869049072266
9563,9.879338264465332
727,4.14215087890625
2656,7.962331771850586
5742,1.3879029750823975
744,2.5062315464019775
4303,14.486270904541016
7453,-4.321407794952393
4605,2.6027944087982178
5948,7.637673377990723
5934,12.552258491516113
4611,35.370094299316406
7067,2.047792434692383
372,4.535677909851074
8482,26.761600494384766
8891,8.514169692993164
8058,9.093106269836426
5678,5.730809688568115
2170,6.229535102844238
2676,9.166815757751465
5945,3.1876614093780518
3039,-0.6207355260848999
444,-1.8858158588409424
2152,24.60817527770996
6647,1.0182032585144043
1319,156.9333953857422
5967,-20.156522750854492
2766,-1.1013612747192383
2016,0.9489784240722656
3792,6.113766193389893
7725,2.6639463901519775
8066,309.94842529296875
4750,5.936577320098877
2191,17.307086944580078
3990,-14.19779109954834
3479,0.5204421281814575
9686,14.600641250610352
6993,82.99348449707031
5429,6.0394158363342285
7704,30.437667846679688
363,28.13254165649414
1933,7.5662922859191895
3521,-23.61419677734375
9827,15.07373046875
7387,3.9582479000091553
2322,24.507097244262695
3706,16.18770980834961
5475,11.491547584533691
9137,3.997008800506592
1240,1.2982443571090698
4050,24.118213653564453
7638,15.277976989746094
7367,3.836627244949341
424,1.9632480144500732
4232,9.474047660827637
7184,1.003805160522461
3464,16.76204490661621
3525,5.14625883102417
4746,8.33586311340332
26,7.5994462966918945
4767,-43.140052795410156
1483,10.270188331604004
1193,0.7971179485321045
3296,27.091140747070312
5833,5.5027875900268555
262,43.2835807800293
6361,5.625716209411621
118,148.0596923828125
979,-112.76019287109375
1939,6.542178153991699
7510,-4.019924640655518
4655,5.270594120025635
5651,7.757164478302002
2130,-70.40031433105469
6852,-9.182849884033203
4647,16.020854949951172
3879,12.552258491516113
3620,6.890240669250488
9681,13.08021068572998
677,7.069919586181641
9218,-33.09938430786133
6892,15.85766315460205
2172,-25.171096801757812
9641,1.320051670074463
8525,5.975993633270264
5014,11.588211059570312
6277,-0.46327877044677734
4330,5.843960285186768
9112,8.378046989440918
7662,6.551602363586426
148,16.573509216308594
809,10.118391036987305
5246,3.325582504272461
1014,65.40351867675781
6056,63.881935119628906
5307,89.42874908447266
2147,-22.363374710083008
7493,-23.83672523498535
4952,14.930253982543945
1444,8.415155410766602
3134,9.561418533325195
7255,-5.364593029022217
2274,-4.500896453857422
5856,9.289112091064453
6328,6.693085193634033
7708,38.84080505371094
4383,239.84291076660156
4238,5.534402370452881
7143,4.322744369506836
901,-6.027843952178955
8260,-68.86500549316406
9920,25.77451515197754
9068,84.1580581665039
6838,-35.37858200073242
6849,-30.260953903198242
6748,0.49809524416923523
2422,0.09833824634552002
2293,148.43820190429688
6347,9.113260269165039
4879,16.789831161499023
566,9.127045631408691
7812,68.081298828125
5971,3.400839328765869
7340,34.279876708984375
8546,34.548675537109375
406,4.468781471252441
7055,4.437100887298584
8909,1.1990690231323242
1752,920.6859130859375
4710,-30.0003662109375
9497,2.159590005874634
5115,1.25815749168396
9736,16.29004669189453
6674,27.52393341064453
3810,8.6588592529296875
5012,4.628678798675537
572,-636.057861328125
274,3.928144693374634
6734,2.161890983581543
3143,1.1451952457427979
9003,11.799087524414062
593,-4.172584056854248
8693,-77.73043060302734
8220,11.495987892150879
6046,25.455623626708984
6305,-81.05901336669922
3725,-70.0714111328125
6346,91.016845703125
3901,10.18032169342041
7300,6.283867835998535
6442,6.653090953826904
2243,-16.224355697631836
9217,-6.0562872886657715
5548,296.05218505859375
7374,29.36563491821289
7591,0.6185738444328308
2702,5.962000370025635
7275,1.2265114784240723
1366,-5.350492000579834
8001,28.3691463470459
5030,19.503328323364258
6921,13.07529354095459
5919,6.95981502532959
6632,-66.87393951416016
63,24.435667037963867
831,5.612340927124023
1883,23.87323760986328
9375,61.991764068603516
5972,406.1786193847656
1094,100.2690658569336
7479,-117.07870483398438
1357,15.313042640686035
1599,0.9299913644790649
6335,4.983863353729248
5850,66.72700500488281
2636,-5.884465217590332
2023,-8.549065589904785
5606,25.44594383239746
9773,13.207353591918945
1826,-5.4993157386779785
4504,-152.27989196777344
664,3.994931936264038
909,52.94010925292969
194,6.918930530548096
7556,3.0613672733306885
1179,-0.20158982276916504
6537,-5.364593029022217
9719,4.030996322631836
8922,-61.68132400512695
5117,26.76458168029785
5354,7.298699378967285
7281,145.90235900878906
9735,5.442260265350342
4654,8.374601364135742
8861,3.0530500411987305
1534,-0.6341152191162109
3159,11.001500129699707
4126,5.532084941864014
2380,-9.972631454467773
7514,4.7178802490234375
457,2.00309681892395
2969,79.28606414794922
674,128.99610900878906
8786,20.735490798950195
1995,21.87261962890625
2003,-125.07759857177734
2415,19.51838493347168
7181,7.5238566398620605
9484,-27.14551544189453
308,-9.093192100524902
8307,4.688455581665039
9621,-59.35062026977539
504,18.53762435913086
3931,24.332714080810547
8644,9.197574615478516
5958,-694.9136962890625
4747,-8.72851276397705
2920,12.807963371276855
9667,9.783743858337402
4378,4.102522850036621
6049,105.26851654052734
6536,287.7348327636719
3504,4.799107074737549
977,-9.287883758544922
6338,97.21643829345703
4739,-33.876991271972656
5201,-427.7679748535156
8952,-43.432159423828125
5689,4.0824432373046875
7902,-143.54835510253906
1351,6.980998992919922
7588,4.501588344573975
3938,-46.091434478759766
1126,8.288688659667969
3448,4.8634538650512695
3745,2.6514995098114014
2221,4.282573699951172
8287,-3.3354310989379883
5242,4.579565525054932
720,9.066083908081055
4713,0.41075319051742554
3277,75.4772720336914
2635,5.433088302612305
7403,4.5935516357421875
3677,8.63119125366211
7392,240.24563598632812
7811,9.332862854003906
4942,1.7319281101226807
1683,-15.843353271484375
609,1.2105612754821777
1565,-16.879898071289062
1727,183.3896942138672
8113,35.88497543334961
7941,-60.99250030517578
8221,1.8354270458221436
9411,14.958179473876953
210,-11.046576499938965
3402,4.1402788162231445
3421,-106.3940658569336
4645,61.62958908081055
7773,-2.818437099456787
1887,4.039872169494629
9955,3.7520315647125244
9052,29.462158203125
7459,-371.60791015625
6976,324.57708740234375
8654,26.585851669311523
1574,3.4899401664733887
7006,-118.56585693359375
9993,3.426981210708618
3390,-47.36684036254883
9498,35.52383804321289
4570,0.6640507578849792
2149,155.4763641357422
2077,-34.43365478515625
9352,33.03759002685547
5312,62.69575881958008
1473,19.806079864501953
8116,-42.9558219909668
6723,96.4614028930664
6359,15.498522758483887
9732,55.04817199707031
7716,2.7516727447509766
580,133.95870971679688
9114,33.74805450439453
2197,1.6236763000488281
2525,-167.9571533203125
10,-6.396200656890869
7535,10.390961647033691
771,0.815160870552063
9284,0.8073675632476807
3704,17.389665603637695
2844,45.8255615234375
468,-3.80928373336792
440,319.5167236328125
3760,-42.37873840332031
9219,-10.271814346313477
2868,-8.8212432861328125
7783,-17.387737274169922
1830,33.74175262451172
14,258.23504638671875
7214,5.994925022125244
1308,1.6728274822235107
5177,0.18931132555007935
2226,10.04690170288086
9609,20.268199920654297
3043,4.010930061340332
9940,17.34990882873535
8835,8.8591890335083
3245,36.32782745361328
6230,38.5109977722168
1753,-4.380662441253662
2102,83.76525115966797
5304,0.09450984001159668
6486,-45.196712493896484
354,17.279088973999023
1787,4.19576358795166
6487,30.868316650390625
5465,2.7331244945526123
7695,8.73082447052002
6950,19.52579689025879
5514,-16.24774932861328
8817,-31.512168884277344
4706,-98.55821990966797
